,pool_tag,sublibrary_tag,protein_seq,description,base_protein_seq,protein_id,DNA_seq,barcode_12,barcode_5,oligo_name
0,pool_small,sublibrary_small,GPGSEAAAFGSNGLGGFPPLNSVSPSPLMLLHPPPQLSPFLQPHGQQVPYYLENEPSGYTVREAGP,pilot_random_subset,,P03372,GGTTGTGACGAATCGTGCGCGTCTCggctgTAAAGCCTCTAAggatcgaccgtgagtgcacttgccaccatgGGCCCCGGCTCTGAGGCCGCCGCCTTTGGATCTAATGGACTTGGAGGATTTCCACCTCTGAACAGCGTGAGCCCCTCCCCTCTGATGCTGCTGCACCCTCCTCCTCAACTTAGCCCTTTCCTTCAGCCTCACGGCCAGCAGGTTCCCTACTACCTGGAGAACGAGCCCTCTGGCTACACAGTTAGGGAGGCCGGACCCggatcGAGACGCGGCGATCACGTATGGAGG,TAAAGCCTCTAA,TAAAG,pool_small_sublibrary_small_0_pilot_random_subset
1,pool_small,sublibrary_small,SKTSIHHGSPGPLSVYPPASSSSLSGGHASPHLFTFPPTPPKDVSPDPSLSTPGSAGSARQDEKEC,pilot_random_subset,,P23771,GGTTGTGACGAATCGTGCGCGTCTCggctgACCTTTCGCTAAggatcgaccgtgagtgcacttgccaccatgAGCAAGACCAGCATCCACCACGGCTCCCCCGGCCCCCTGTCAGTTTATCCTCCTGCATCATCTTCTAGCCTGTCTGGAGGCCACGCCTCCCCTCACCTGTTCACCTTCCCTCCAACACCTCCTAAAGACGTGAGCCCTGACCCCAGCCTCAGCACACCAGGATCTGCCGGTTCTGCTAGGCAAGATGAGAAGGAGTGCggatcGAGACGCGGCGATCACGTATGGAGG,ACCTTTCGCTAA,ACCTT,pool_small_sublibrary_small_1_pilot_random_subset
2,pool_small,sublibrary_small,GLGNNQGSNMGGGMNFGAFSINPAMMAAAQAALQSSWGMMGMLASQQNQSGPSGNNQNQGNMQREP,pilot_CR_centered,,Q13148,GGTTGTGACGAATCGTGCGCGTCTCggctgCGAGAGGAATAAggatcgaccgtgagtgcacttgccaccatgGGCCTGGGCAACAACCAGGGCAGCAACATGGGCGGCGGCATGAACTTCGGCGCTTTTTCTATCAACCCCGCCATGATGGCCGCTGCTCAGGCCGCCTTGCAATCTTCTTGGGGAATGATGGGCATGCTGGCTTCCCAGCAAAACCAGAGCGGCCCCAGCGGCAATAACCAGAACCAAGGCAATATGCAGAGGGAGCCCggatcGAGACGCGGCGATCACGTATGGAGG,CGAGAGGAATAA,CGAGA,pool_small_sublibrary_small_2_pilot_CR_centered
3,pool_small,sublibrary_small,PGGFGNQGGFGNSRGGGAGLGNNQGSNMGGGMNFGAFSINPAMMAAAQAALQSSWGMMGMLASQQN,pilot_CR_Cterm,,Q13148,GGTTGTGACGAATCGTGCGCGTCTCggctgAGTTTAAACTAAggatcgaccgtgagtgcacttgccaccatgCCCGGCGGCTTCGGCAACCAAGGCGGGTTCGGAAATTCTAGAGGAGGAGGTGCTGGATTGGGCAACAACCAGGGCAGCAACATGGGCGGCGGCATGAACTTCGGAGCTTTCAGCATCAACCCCGCCATGATGGCTGCTGCTCAGGCCGCCCTGCAATCTTCTTGGGGAATGATGGGCATGCTGGCCTCTCAGCAGAACggatcGAGACGCGGCGATCACGTATGGAGG,AGTTTAAACTAA,AGTTT,pool_small_sublibrary_small_3_pilot_CR_Cterm
4,pool_small,sublibrary_small,AFSINPAMMAAAQAALQSSWGMMGMLASQQNQSGPSGNNQNQGNMQREPNQAFGSGNNSYSGSNSG,pilot_CR_Nterm,,Q13148,GGTTGTGACGAATCGTGCGCGTCTCggctgCAGAGTCTTTAAggatcgaccgtgagtgcacttgccaccatgGCCTTCAGCATCAACCCCGCCATGATGGCCGCCGCCCAGGCTGCTCTTCAATCTTCTTGGGGAATGATGGGCATGCTGGCCTCTCAGCAAAACCAGAGCGGCCCCAGCGGCAACAATCAGAACCAAGGCAACATGCAGAGGGAGCCCAACCAAGCCTTCGGGAGCGGGAACAACAGCTATAGCGGCAGCAACTCTGGCggatcGAGACGCGGCGATCACGTATGGAGG,CAGAGTCTTTAA,CAGAG,pool_small_sublibrary_small_4_pilot_CR_Nterm
5,pool_small,sublibrary_small,GQSGGEQQSYSTYGNPGSQGYGQASQSYSGYGQTTDSSYGQNYSGYSSYGQSQSGYSQSYGGYENQ,pilot_random_subset,,Q92804,GGTTGTGACGAATCGTGCGCGTCTCggctgTTGATCATTTAAggatcgaccgtgagtgcacttgccaccatgGGCCAGAGCGGCGGGGAGCAGCAGAGCTACAGCACCTACGGAAATCCTGGATCTCAAGGATACGGCCAGGCCAGCCAATCTTACAGCGGCTACGGGCAGACCACCGACAGCTCATATGGACAGAACTACTCCGGCTACTCCAGCTACGGACAGTCCCAGTCCGGGTACAGCCAGTCCTATGGAGGCTATGAGAACCAGggatcGAGACGCGGCGATCACGTATGGAGG,TTGATCATTTAA,TTGAT,pool_small_sublibrary_small_5_pilot_random_subset
6,pool_small,sublibrary_small,TTQASYAAQSAYGTQPAYPAYGQQPAATAPTRPQDGNKPTETSQPQSSTGGYNQPSLGYGQSNYSY,pilot_random_subset,,Q01844,GGTTGTGACGAATCGTGCGCGTCTCggctgATACATTGGTAAggatcgaccgtgagtgcacttgccaccatgACCACCCAGGCCAGCTACGCCGCCCAGAGCGCCTATGGAACACAACCAGCTTATCCTGCATACGGCCAGCAACCTGCCGCCACCGCTCCCACAAGACCTCAGGATGGAAACAAGCCTACAGAGACCAGCCAGCCTCAGAGCAGCACCGGCGGCTACAACCAACCTTCTCTTGGCTACGGACAGAGCAACTACAGCTACggatcGAGACGCGGCGATCACGTATGGAGG,ATACATTGGTAA,ATACA,pool_small_sublibrary_small_6_pilot_random_subset
7,pool_small,sublibrary_small,RPPPQGQQHLSGLGPPAGSPLPQRLPSPTSAPQQPASQAAPPTQGQGRQSRPVAGGPGAPPAARPP,pilot_random_subset,,P17600,GGTTGTGACGAATCGTGCGCGTCTCggctgTAATCGCACTAAggatcgaccgtgagtgcacttgccaccatgAGGCCCCCACCCCAGGGACAACAACATCTGTCTGGATTGGGACCTCCAGCTGGTTCTCCTCTGCCCCAGAGACTGCCCTCACCTACATCAGCTCCTCAGCAGCCTGCTTCTCAAGCTGCACCCCCTACCCAAGGACAAGGAAGGCAATCTAGGCCCGTTGCTGGTGGACCTGGTGCTCCTCCTGCTGCTAGACCTCCTggatcGAGACGCGGCGATCACGTATGGAGG,TAATCGCACTAA,TAATC,pool_small_sublibrary_small_7_pilot_random_subset
8,pool_small,sublibrary_small,NGFGNDGGYGGGGPGYSGGSRGYGSGGQGYGNQGSGYGGSGSYDSYNNGGGGGFGGGSGSNFGGGG,pilot_random_subset,,P09651,GGTTGTGACGAATCGTGCGCGTCTCggctgCTCGGTTGTTAAggatcgaccgtgagtgcacttgccaccatgAACGGCTTCGGCAACGACGGGGGATACGGAGGAGGTGGACCTGGATATTCAGGAGGAAGTAGGGGGTACGGCTCTGGCGGACAAGGGTATGGCAACCAGGGATCTGGCTATGGAGGATCAGGCAGCTACGACAGCTACAACAACGGCGGCGGAGGTGGCTTTGGAGGTGGTAGCGGATCTAACTTCGGTGGTGGAGGCggatcGAGACGCGGCGATCACGTATGGAGG,CTCGGTTGTTAA,CTCGG,pool_small_sublibrary_small_8_pilot_random_subset
9,pool_small,sublibrary_small,MSDFDEFERQLNENKQERDKENRHRKRSHSRSRSRDRKRRSRSRDRRNRDQRSASRDRRRRSKPLT,pilot_longer_subseq,,P26368,GGTTGTGACGAATCGTGCGCGTCTCggctgAGATATCCGTAAggatcgaccgtgagtgcacttgccaccatgATGAGCGACTTCGACGAGTTCGAGAGGCAGCTGAACGAGAACAAGCAGGAGAGGGACAAGGAGAACAGGCACAGAAAGAGGAGCCACAGCAGGTCCAGGAGCAGAGACAGGAAAAGGAGATCAAGGAGCCGGGATCGGAGGAATAGGGATCAAAGGAGCGCTTCTAGGGACAGGAGGAGAAGAAGCAAGCCCCTGACCggatcGAGACGCGGCGATCACGTATGGAGG,AGATATCCGTAA,AGATA,pool_small_sublibrary_small_9_pilot_longer_subseq
10,pool_small,sublibrary_small,QQYNPQGGYQQQFNPQGGRGNYKNFNYNNNLQGYQAGFQPQSQGMSLNDFQKQQKQAAPKPKKTLK,pilot_random_subset_Ndomain,,P05453,GGTTGTGACGAATCGTGCGCGTCTCggctgAGGACACTTTAAggatcgaccgtgagtgcacttgccaccatgCAGCAGTACAACCCCCAAGGCGGCTACCAGCAGCAGTTCAATCCTCAAGGAGGCAGGGGCAACTACAAGAACTTCAACTATAACAACAACCTGCAGGGCTATCAGGCCGGCTTCCAGCCTCAGAGCCAGGGCATGAGCCTGAATGACTTCCAAAAGCAACAGAAGCAGGCCGCCCCCAAACCCAAGAAGACCCTGAAGggatcGAGACGCGGCGATCACGTATGGAGG,AGGACACTTTAA,AGGAC,pool_small_sublibrary_small_10_pilot_random_subset_Ndomain
11,pool_small,sublibrary_small,QGYSGYQQGGYQQYNPDAGYQQQYNPQGGYQQYNPQGGYQQQFNPQGGRGNYKNFNYNNNLQGYQA,pilot_random_subset_NMdomain,,P05453,GGTTGTGACGAATCGTGCGCGTCTCggctgACTCCACCTTAAggatcgaccgtgagtgcacttgccaccatgCAGGGCTACAGCGGCTACCAACAGGGCGGCTATCAGCAGTACAACCCCGACGCCGGTTATCAACAGCAATATAACCCCCAGGGAGGGTACCAACAATACAATCCCCAAGGCGGATACCAGCAGCAGTTCAACCCTCAGGGTGGCAGGGGCAACTACAAGAACTTCAACTATAACAACAACCTGCAGGGATATCAGGCCggatcGAGACGCGGCGATCACGTATGGAGG,ACTCCACCTTAA,ACTCC,pool_small_sublibrary_small_11_pilot_random_subset_NMdomain
12,pool_small,sublibrary_small,LRNREATKGFYDKDSSGWSSSKDKDAYSSFGSRSDSRGKSSFFSDRGSGSRGRFDDRGRSDYDGIG,pilot_random_subset,,O00571,GGTTGTGACGAATCGTGCGCGTCTCggctgAAGTAATAGTAAggatcgaccgtgagtgcacttgccaccatgCTGAGAAACAGGGAGGCCACCAAGGGCTTCTACGACAAGGACAGCAGCGGCTGGAGCAGCAGCAAAGACAAAGACGCCTACTCCAGCTTCGGCTCTAGGAGCGACTCCAGAGGCAAGTCCTCCTTCTTCAGCGATAGGGGCTCTGGATCTAGGGGCAGGTTCGACGACAGGGGGAGAAGCGACTACGATGGCATTGGCggatcGAGACGCGGCGATCACGTATGGAGG,AAGTAATAGTAA,AAGTA,pool_small_sublibrary_small_12_pilot_random_subset
13,pool_small,sublibrary_small,GRYVPPHLRGGDGGAAAAASAGGDDRRGGAGGGGYRRGGGNSGGGGGGGYDRGYNDNRDDRDNRGG,pilot_subset_incl_21-30,,D0PV95,GGTTGTGACGAATCGTGCGCGTCTCggctgCCAATACTATAAggatcgaccgtgagtgcacttgccaccatgGGCAGATACGTTCCACCTCATCTGAGGGGAGGAGATGGAGGTGCAGCTGCTGCAGCTTCAGCTGGTGGAGATGATAGGAGAGGCGGAGCAGGTGGAGGAGGATATAGGAGGGGCGGAGGAAATTCTGGAGGAGGTGGTGGTGGGGGATACGACAGGGGCTACAATGACAACAGGGACGATAGGGACAACCGGGGCGGAggatcGAGACGCGGCGATCACGTATGGAGG,CCAATACTATAA,CCAAT,pool_small_sublibrary_small_13_pilot_subset_incl_21-30
14,pool_small,sublibrary_small,KCPPCSNVLCNPSEPPPPRRLNMTTEQFTGDHTQHFLDGGEMKVEQLFQEFGNRKSNTIQSDGISD,pilot_random_subset,,O43781,GGTTGTGACGAATCGTGCGCGTCTCggctgCTAAATAGCTAAggatcgaccgtgagtgcacttgccaccatgAAGTGCCCTCCCTGCAGCAACGTGCTGTGCAATCCTTCTGAACCACCTCCTCCTAGAAGGCTGAACATGACCACCGAGCAGTTCACAGGCGACCACACCCAGCACTTCCTGGACGGAGGCGAAATGAAGGTGGAGCAGCTGTTCCAAGAGTTCGGCAACAGGAAAAGCAACACCATCCAGAGCGACGGCATCAGCGACggatcGAGACGCGGCGATCACGTATGGAGG,CTAAATAGCTAA,CTAAA,pool_small_sublibrary_small_14_pilot_random_subset
15,pool_small,sublibrary_small,VAPQQNALHHHHGNSSHHHHHHHHHHHHHGQQALGNRTRPRVYNSPTNSSSTQDSMEVGHSHHSMT,pilot_random_subset,,Q13627,GGTTGTGACGAATCGTGCGCGTCTCggctgTCGCCATCGTAAggatcgaccgtgagtgcacttgccaccatgGTGGCCCCTCAGCAGAACGCCCTGCACCATCACCACGGCAATTCTTCACACCACCACCACCATCACCACCATCATCATCACCATCACGGCCAGCAGGCCCTGGGAAACAGGACCAGACCTAGGGTGTACAACTCCCCTACCAACAGCAGCTCCACCCAGGACAGCATGGAGGTGGGCCACAGCCATCATAGCATGACCggatcGAGACGCGGCGATCACGTATGGAGG,TCGCCATCGTAA,TCGCC,pool_small_sublibrary_small_15_pilot_random_subset
16,pool_small,sublibrary_small,SMGNAVPGMNPAMGMNMGGMMGFPMGGPSASPNPMMNGFAAGSMGMYMPFQPQPMFYHPSMPQMMP,pilot_subset_incl_first_8_MET,,P53297,GGTTGTGACGAATCGTGCGCGTCTCggctgGCAAGAAGCTAAggatcgaccgtgagtgcacttgccaccatgAGCATGGGCAACGCCGTGCCCGGCATGAACCCCGCCATGGGAATGAATATGGGAGGAATGATGGGCTTCCCCATGGGCGGCCCTTCTGCCTCCCCCAACCCTATGATGAATGGATTTGCTGCCGGATCCATGGGTATGTACATGCCCTTCCAGCCTCAGCCTATGTTCTACCACCCCAGCATGCCCCAGATGATGCCCggatcGAGACGCGGCGATCACGTATGGAGG,GCAAGAAGCTAA,GCAAG,pool_small_sublibrary_small_16_pilot_subset_incl_first_8_MET
17,pool_small,sublibrary_small,QQPSHMSNQPHINQNGYQNSYNPNQGPTSSDPNYGCNPQFNHYGSRSVYHEDHSSQRRRSPDQFPP,pilot_random_subset,,O62011,GGTTGTGACGAATCGTGCGCGTCTCggctgTCCATAAATTAAggatcgaccgtgagtgcacttgccaccatgCAGCAGCCTAGCCACATGAGCAACCAGCCTCACATCAACCAGAACGGCTACCAGAATAGCTACAACCCTAACCAGGGCCCCACCAGCAGCGACCCCAACTACGGCTGCAACCCTCAATTCAACCATTACGGCAGCAGAAGCGTGTACCACGAGGACCACAGCTCCCAAAGAAGGAGGAGCCCCGATCAGTTCCCTCCCggatcGAGACGCGGCGATCACGTATGGAGG,TCCATAAATTAA,TCCAT,pool_small_sublibrary_small_17_pilot_random_subset
18,pool_small,sublibrary_small,GWPGAWGNQPAGAGGYPGASYPGAYPGQAPPGAYPGQAPPGAYPGAPGAYPGAPAPGVYPGPPSGP,pilot_subset_start_20,,P17931,GGTTGTGACGAATCGTGCGCGTCTCggctgACACTCACATAAggatcgaccgtgagtgcacttgccaccatgGGCTGGCCCGGCGCTTGGGGAAATCAACCTGCTGGTGCTGGAGGATATCCAGGTGCATCATACCCCGGGGCATATCCTGGTCAAGCACCACCTGGAGCATATCCAGGACAAGCTCCACCAGGCGCTTATCCAGGAGCACCTGGTGCTTATCCTGGAGCTCCTGCTCCTGGTGTGTACCCTGGACCTCCTAGCGGACCTggatcGAGACGCGGCGATCACGTATGGAGG,ACACTCACATAA,ACACT,pool_small_sublibrary_small_18_pilot_subset_start_20
19,pool_small,sublibrary_small,PHDNQYSGANNSQPNNHYNENLYSAREPHNNKQYQSKNGKYGTNKYNNRNNSQGNAQYYNNRFNNG,pilot_random_subset,,P39936,GGTTGTGACGAATCGTGCGCGTCTCggctgTGTATTGGGTAAggatcgaccgtgagtgcacttgccaccatgCCCCACGACAACCAGTACAGCGGCGCCAACAATAGCCAGCCTAACAACCACTACAACGAGAACCTGTACTCCGCCAGGGAGCCCCACAACAACAAGCAGTACCAGAGCAAGAACGGCAAGTACGGCACCAACAAGTACAACAATCGGAACAACTCCCAGGGCAACGCCCAGTACTACAATAATAGGTTCAACAACGGCggatcGAGACGCGGCGATCACGTATGGAGG,TGTATTGGGTAA,TGTAT,pool_small_sublibrary_small_19_pilot_random_subset
20,pool_small,sublibrary_small,NYQQRRNYGNNNRGGFRQYNSNNNNNMNMGMNMNMNMNMNNSRGMPPSSMGMPIGAMPLPSQGQPQ,pilot_random_subset,,P32588,GGTTGTGACGAATCGTGCGCGTCTCggctgACAGGCTCTTAAggatcgaccgtgagtgcacttgccaccatgAACTACCAGCAAAGAAGGAACTACGGCAACAATAACAGAGGCGGCTTCAGGCAGTACAACAGCAACAACAACAACAACATGAACATGGGGATGAACATGAACATGAACATGAATATGAACAACTCCAGAGGGATGCCCCCTAGCAGCATGGGAATGCCTATCGGCGCTATGCCTCTGCCTTCTCAGGGACAACCCCAGggatcGAGACGCGGCGATCACGTATGGAGG,ACAGGCTCTTAA,ACAGG,pool_small_sublibrary_small_20_pilot_random_subset
21,pool_small,sublibrary_small,GGGGSGNYGYGYGNSGGGGGSGGPGNSQFSNFNQRPPPSGNGGSGGGSGGQNNQYWQYYSQYYNNP,pilot_random_subset,,Q9U2F5,GGTTGTGACGAATCGTGCGCGTCTCggctgTGCGGTTTGTAAggatcgaccgtgagtgcacttgccaccatgGGCGGCGGGGGCAGCGGCAACTACGGCTATGGATATGGAAATTCTGGTGGTGGAGGAGGAAGCGGCGGCCCCGGCAATAGCCAGTTCAGCAACTTCAACCAGAGACCACCTCCTAGCGGAAACGGCGGCTCAGGTGGAGGCTCTGGAGGACAGAACAATCAGTACTGGCAGTACTACAGCCAGTATTACAACAACCCCggatcGAGACGCGGCGATCACGTATGGAGG,TGCGGTTTGTAA,TGCGG,pool_small_sublibrary_small_21_pilot_random_subset
22,pool_small,sublibrary_small,LGQHGFNFFPSGIDFSAWGNNSSQGQSTQSSGYSSNYAYAPSSLGGAMIDGQSAFANETLNKAPGM,pilot_random_subset_from0-205,,Q9Y5A9,GGTTGTGACGAATCGTGCGCGTCTCggctgATTAGGATCTAAggatcgaccgtgagtgcacttgccaccatgCTGGGCCAGCACGGCTTCAACTTCTTCCCCAGCGGCATCGACTTCAGCGCCTGGGGTAATAACAGCAGCCAGGGCCAGTCTACACAGAGCAGCGGCTACAGCTCCAACTACGCTTATGCCCCCAGCTCCCTGGGAGGAGCTATGATCGACGGCCAATCCGCCTTTGCCAACGAAACACTGAACAAGGCCCCCGGCATGggatcGAGACGCGGCGATCACGTATGGAGG,ATTAGGATCTAA,ATTAG,pool_small_sublibrary_small_22_pilot_random_subset_from0-205
23,pool_small,sublibrary_small,KNGIAGSSLPPPPIKHNMDIGTWDNKGPVAKAPSQALVQNIGQPTQGSPQPVGQQANNSPPVAQAS,pilot_random_subset_from205-409,,Q9Y5A9,GGTTGTGACGAATCGTGCGCGTCTCggctgCCTACACCTTAAggatcgaccgtgagtgcacttgccaccatgAAGAACGGCATCGCTGGCAGCAGCCTGCCCCCACCCCCTATCAAGCACAACATGGACATTGGAACCTGGGACAACAAGGGCCCCGTGGCCAAGGCCCCTTCACAAGCTCTGGTGCAGAATATCGGACAGCCTACACAGGGCTCCCCTCAGCCTGTGGGCCAGCAAGCTAACAATTCTCCTCCCGTTGCCCAAGCTAGCggatcGAGACGCGGCGATCACGTATGGAGG,CCTACACCTTAA,CCTAC,pool_small_sublibrary_small_23_pilot_random_subset_from205-409
24,pool_small,sublibrary_small,QQFHPPPQPSPAGGGPQPAFTPPTQAATYQLMCVHPQSLLANHYFPPPTPQHPQQNQQQYQIVMQQ,pilot_random_subset_from_899-1084,,Q8SWR8,GGTTGTGACGAATCGTGCGCGTCTCggctgTATTGACAATAAggatcgaccgtgagtgcacttgccaccatgCAGCAGTTCCACCCACCCCCACAGCCTTCTCCTGCTGGAGGTGGACCTCAACCTGCTTTTACACCACCTACCCAGGCCGCCACCTATCAGCTCATGTGCGTGCACCCTCAGTCTCTGTTGGCTAACCACTACTTCCCTCCCCCTACCCCACAACATCCCCAGCAGAACCAGCAGCAGTACCAGATCGTGATGCAGCAGggatcGAGACGCGGCGATCACGTATGGAGG,TATTGACAATAA,TATTG,pool_small_sublibrary_small_24_pilot_random_subset_from_899-1084
25,pool_small,sublibrary_small,PTGGSNVSVSQGGNGNSVGQNKGGYQPSMGMPSQYSYQGNSQIMHGSSQYRNQSHMGGANKLNGDS,pilot_random_subset_from_350-551,,Q8SWR8,GGTTGTGACGAATCGTGCGCGTCTCggctgATCCCCTTATAAggatcgaccgtgagtgcacttgccaccatgCCCACTGGCGGCAGCAACGTGAGCGTGAGCCAGGGCGGCAATGGAAATTCTGTTGGACAGAACAAGGGCGGGTACCAGCCTAGCATGGGCATGCCTAGCCAGTACAGCTACCAGGGCAACTCTCAGATCATGCACGGCAGCTCCCAGTACCGGAACCAGAGCCACATGGGAGGCGCCAACAAGCTTAATGGCGACAGCggatcGAGACGCGGCGATCACGTATGGAGG,ATCCCCTTATAA,ATCCC,pool_small_sublibrary_small_25_pilot_random_subset_from_350-551
26,pool_small,sublibrary_small,DFQLAPSNTSPPQQQQQQQQQQQQHQVQQQQQRALQQSASPPQQQQQQQQQQQHVVLHQVPQTHLH,pilot_random_subset_from_551-750,,Q8SWR8,GGTTGTGACGAATCGTGCGCGTCTCggctgTAACTATCATAAggatcgaccgtgagtgcacttgccaccatgGACTTCCAGCTGGCCCCCAGCAATACCTCCCCACCCCAGCAGCAGCAGCAACAGCAACAACAACAACAGCAGCACCAGGTCCAACAACAGCAACAGAGGGCCCTGCAGCAGTCTGCTTCTCCTCCTCAGCAACAACAACAGCAGCAGCAACAACAGCAACACGTGGTGCTCCACCAAGTGCCCCAGACCCACCTGCACggatcGAGACGCGGCGATCACGTATGGAGG,TAACTATCATAA,TAACT,pool_small_sublibrary_small_26_pilot_random_subset_from_551-750
27,pool_small,sublibrary_small,GRYQTSIPPPPPQQQIPQGYGRYQAGPPPQPPSQTPMDQQQLLSAIQNLPPNVVSNLLSMAQQQQQ,pilot_random_subset,,P38996,GGTTGTGACGAATCGTGCGCGTCTCggctgAGGGTTTCTTAAggatcgaccgtgagtgcacttgccaccatgGGCAGGTACCAGACCAGCATCCCACCCCCACCACCCCAGCAGCAGATCCCTCAAGGATATGGAAGGTATCAGGCTGGACCCCCTCCCCAGCCTCCCAGCCAAACACCCATGGATCAACAACAATTGCTCAGCGCCATCCAGAACCTGCCCCCTAACGTGGTGTCCAACCTGCTGTCCATGGCTCAGCAACAGCAGCAGggatcGAGACGCGGCGATCACGTATGGAGG,AGGGTTTCTTAA,AGGGT,pool_small_sublibrary_small_27_pilot_random_subset
28,pool_small,sublibrary_small,FCRTYVLPADVDPWRVRAALSHDGILNLEAPRGGRHLDTEVNEVYISLLPAPPDPEEEEEAAIVEP,pilot_random_subset,,Q16082,GGTTGTGACGAATCGTGCGCGTCTCggctgCGAAGTACTTAAggatcgaccgtgagtgcacttgccaccatgTTCTGCAGGACCTACGTCCTGCCTGCTGATGTTGATCCTTGGAGGGTGAGGGCCGCTCTGTCTCACGACGGCATTCTTAATCTGGAAGCTCCTAGGGGCGGAAGGCACCTGGACACCGAGGTGAACGAGGTGTACATTTCTCTGCTCCCTGCTCCTCCCGACCCCGAGGAGGAAGAGGAAGCTGCCATCGTTGAACCTggatcGAGACGCGGCGATCACGTATGGAGG,CGAAGTACTTAA,CGAAG,pool_small_sublibrary_small_28_pilot_random_subset
29,pool_small,sublibrary_small,RLPPGPSLPPSSSSSSSSSSSAPQRPGGPTTHGDAPSSSSSLAEAQPPLAAPPQKPQPHPQLNKSQ,pilot_random_subset,,Q92777,GGTTGTGACGAATCGTGCGCGTCTCggctgAACTCAAAATAAggatcgaccgtgagtgcacttgccaccatgAGGCTCCCTCCCGGCCCCAGCCTGCCCCCAAGCAGCAGCTCTTCATCTAGTTCATCATCTTCAGCACCCCAGAGGCCCGGCGGCCCTACCACCCATGGAGATGCTCCAAGTAGTTCTTCTTCACTGGCCGAAGCCCAACCCCCTCTGGCCGCTCCTCCTCAAAAACCTCAACCTCATCCTCAGCTGAACAAGAGCCAGggatcGAGACGCGGCGATCACGTATGGAGG,AACTCAAAATAA,AACTC,pool_small_sublibrary_small_29_pilot_random_subset
30,pool_small,sublibrary_small,LAEAQPPLAAPPQKPQPHPQLNKSQSLTNAFSFSESSFFRSSANEDEAKAETIRSLRKSFASLFSD,pilot_end_subseq_contains_most_charged_residues,,Q92777,GGTTGTGACGAATCGTGCGCGTCTCggctgCTACTACTATAAggatcgaccgtgagtgcacttgccaccatgCTGGCCGAGGCCCAGCCTCCCCTTGCTGCTCCTCCTCAAAAACCTCAACCACATCCCCAACTGAACAAGAGCCAGAGCCTGACCAACGCCTTTTCCTTCAGCGAGAGCAGCTTCTTCAGAAGCAGCGCCAACGAGGACGAGGCCAAGGCCGAGACCATTAGGAGCCTCAGAAAGAGCTTCGCCAGCCTGTTTAGCGACggatcGAGACGCGGCGATCACGTATGGAGG,CTACTACTATAA,CTACT,pool_small_sublibrary_small_30_pilot_end_subseq_contains_most_charged_residues
31,pool_small,sublibrary_small,IKMRIKVHAAADKHNSVEDSVTKSREHKEKHKTHPSNHHHHHNHHSHKHSHSQLPVGTGNKRPGDP,pilot_random_subset,,O60563,GGTTGTGACGAATCGTGCGCGTCTCggctgAAAGAAATCTAAggatcgaccgtgagtgcacttgccaccatgATCAAGATGAGAATCAAGGTGCACGCCGCCGCTGACAAGCATAACAGCGTGGAGGACAGCGTCACCAAGAGCAGAGAGCACAAAGAGAAGCACAAGACCCACCCCAGCAACCACCACCATCATCACAACCATCACAGCCACAAACACTCCCATAGCCAGCTGCCCGTGGGCACCGGCAATAAAAGGCCCGGAGATCCCggatcGAGACGCGGCGATCACGTATGGAGG,AAAGAAATCTAA,AAAGA,pool_small_sublibrary_small_31_pilot_random_subset
32,pool_small,sublibrary_small,HKHSHSQLPVGTGNKRPGDPKHSSQTSNLAHKTYSLSSSFSSSSSTRKRGPSEETGGAVFDHPAKI,pilot_HRD_only,,O60563,GGTTGTGACGAATCGTGCGCGTCTCggctgGAATACAGCTAAggatcgaccgtgagtgcacttgccaccatgCACAAGCACAGCCACTCCCAGCTGCCCGTGGGCACCGGAAATAAGAGGCCTGGAGATCCTAAGCACTCCAGCCAGACCAGCAACCTGGCCCACAAGACCTACAGCCTGTCAAGCAGCTTCAGCAGCAGCTCCAGCACCCGGAAAAGGGGCCCTTCTGAGGAAACAGGAGGAGCTGTGTTCGACCACCCTGCCAAGATCggatcGAGACGCGGCGATCACGTATGGAGG,GAATACAGCTAA,GAATA,pool_small_sublibrary_small_32_pilot_HRD_only
33,pool_small,sublibrary_small,KFGVQMDRVDQSAVGFEYQGKTEKHASQKDYSSGFGGKYGVQADRVDKSAVGFDYQGKTEKHESQK,pilot_random_subset,,Q60598,GGTTGTGACGAATCGTGCGCGTCTCggctgACTATTGGATAAggatcgaccgtgagtgcacttgccaccatgAAATTCGGCGTGCAGATGGACAGGGTCGACCAGAGCGCCGTGGGCTTCGAGTACCAAGGAAAAACCGAGAAGCACGCCTCACAGAAGGACTACAGCAGCGGCTTCGGCGGCAAGTATGGAGTGCAGGCTGATAGGGTGGACAAGAGCGCTGTTGGCTTTGACTATCAGGGCAAGACCGAAAAGCACGAGAGCCAGAAGggatcGAGACGCGGCGATCACGTATGGAGG,ACTATTGGATAA,ACTAT,pool_small_sublibrary_small_33_pilot_random_subset
34,pool_small,sublibrary_small,EEKSAASKKDRPSSSAKAKETQGRASSSTSTASKRKSEEPTAPSGNKSKRTTDAEQDTIPVSGSTG,pilot_region_just_after_structured_domain,,P05205,GGTTGTGACGAATCGTGCGCGTCTCggctgCTTATCCATTAAggatcgaccgtgagtgcacttgccaccatgGAGGAAAAGAGCGCCGCCAGCAAGAAGGACAGGCCCAGCAGCAGCGCCAAGGCTAAAGAAACACAAGGAAGGGCCAGCTCCAGCACCAGCACAGCCTCCAAGAGGAAGAGCGAGGAACCTACAGCTCCTAGCGGCAACAAGAGCAAGAGAACCACCGACGCCGAACAGGACACCATCCCCGTGAGCGGAAGCACAGGCggatcGAGACGCGGCGATCACGTATGGAGG,CTTATCCATTAA,CTTAT,pool_small_sublibrary_small_34_pilot_region_just_after_structured_domain
35,pool_small,sublibrary_small,QQHQQQQQSLSQQPQQQQSQQSQAHSQQHQQQHQQQQQQQQPQQQQPQQHPPQQPQQQNSQQAIVG,pilot_random_subset,,Q75E28,GGTTGTGACGAATCGTGCGCGTCTCggctgAGTAACTATTAAggatcgaccgtgagtgcacttgccaccatgCAGCAGCACCAACAACAGCAACAAAGCCTGTCCCAACAGCCGCAGCAGCAACAGTCACAACAGAGCCAAGCCCACAGCCAACAACACCAGCAACAGCATCAGCAGCAACAACAACAGCAGCAGCCACAGCAACAGCAACCTCAGCAACATCCTCCACAACAACCGCAACAGCAAAACTCCCAGCAGGCCATCGTGGGCggatcGAGACGCGGCGATCACGTATGGAGG,AGTAACTATTAA,AGTAA,pool_small_sublibrary_small_35_pilot_random_subset
36,pool_small,sublibrary_small,EDNPTRNRGFSKRGGYRDGNNSEASGPYRRGGRGSFRGCRGGFGLGSPNNDLDPDECMQRTGGLFG,pilot_132-166_centered_at_middle,,Q9NQI0,GGTTGTGACGAATCGTGCGCGTCTCggctgACTTACTCCTAAggatcgaccgtgagtgcacttgccaccatgGAGGACAACCCCACCAGGAACAGAGGCTTCAGCAAGAGAGGCGGCTACAGGGACGGCAACAACAGCGAAGCTAGCGGACCCTATAGGAGAGGAGGAAGGGGCTCTTTTAGAGGCTGCAGGGGCGGCTTTGGACTGGGGTCTCCTAACAACGACCTGGACCCCGATGAATGTATGCAGAGGACCGGCGGCCTGTTCGGCggatcGAGACGCGGCGATCACGTATGGAGG,ACTTACTCCTAA,ACTTA,pool_small_sublibrary_small_36_pilot_132-166_centered_at_middle
37,pool_small,sublibrary_small,TSGSYGSSSQSSSYGQPQSGSYSQQPSYGGQQQSYGQQQSYNPPQGYGQQNQYNSSSGGGGGGGGG,pilot_FUSN_random_subset,,P35637,GGTTGTGACGAATCGTGCGCGTCTCggctgATCATAAGCTAAggatcgaccgtgagtgcacttgccaccatgACCAGCGGCAGCTACGGCTCCTCCAGCCAGTCCAGCTCCTACGGACAACCTCAATCTGGAAGCTACAGCCAGCAACCCAGCTATGGCGGCCAGCAGCAGTCCTATGGCCAACAGCAAAGCTATAACCCTCCCCAAGGCTACGGGCAGCAGAACCAGTACAACTCTAGCTCTGGTGGTGGAGGAGGCGGAGGTGGAGGCggatcGAGACGCGGCGATCACGTATGGAGG,ATCATAAGCTAA,ATCAT,pool_small_sublibrary_small_37_pilot_FUSN_random_subset
38,pool_small,sublibrary_small,NAALNRGGRYVPPHLRGGGGAAAAASAGRYVPPHLRGGGDDRRGGAGGRYVPPHLRGGGGYRRGGG,pilot_designed_repeats_of_21-30_essential_for_phase_sep,,D0PV95,GGTTGTGACGAATCGTGCGCGTCTCggctgTTTCACCAATAAggatcgaccgtgagtgcacttgccaccatgAACGCCGCTCTGAATAGAGGCGGCAGATACGTACCACCACATTTGCGAGGAGGAGGCGGTGCAGCTGCTGCAGCTTCTGCCGGGAGATATGTACCTCCACATCTTAGAGGAGGTGGCGACGACAGAAGAGGGGGAGCCGGAGGAAGGTATGTTCCACCTCATTTGAGGGGAGGGGGTGGCTATAGAAGGGGCGGCGGCggatcGAGACGCGGCGATCACGTATGGAGG,TTTCACCAATAA,TTTCA,pool_small_sublibrary_small_38_pilot_designed_repeats_of_21-30_essential_for_phase_sep
39,pool_small,sublibrary_small,QQQNALHHHHGNSSHHHHHHHHHHHHHGQQALGQNALHHHHGNSSHHHHHHHHHHHHHGQQALGRT,pilot_designed_2x_histidine_rich_domain,,Q13627,GGTTGTGACGAATCGTGCGCGTCTCggctgCAAGGTTTGTAAggatcgaccgtgagtgcacttgccaccatgCAGCAGCAGAACGCCCTGCACCATCACCATGGCAACAGCTCACATCATCACCATCATCATCACCACCACCATCACCACCACGGCCAGCAGGCACTTGGACAGAATGCTCTGCATCACCATCACGGCAACTCCTCACACCATCATCACCATCATCATCACCACCACCACCATCATGGCCAACAGGCCCTGGGAAGGACCggatcGAGACGCGGCGATCACGTATGGAGG,CAAGGTTTGTAA,CAAGG,pool_small_sublibrary_small_39_pilot_designed_2x_histidine_rich_domain
40,pool_small,sublibrary_small,GSGNNQGSNSGGGSNSGASSSNPAMMAAAQAALQSSWGMMGMLASQQNQSGPSGNNQNQGNSQREP,pilot_hydrophobic_VLIMFYW_to_S_keepCR_reduce_phase_sep,,Q13148,GGTTGTGACGAATCGTGCGCGTCTCggctgCGGAAGAAGTAAggatcgaccgtgagtgcacttgccaccatgGGCAGCGGCAACAACCAGGGCAGCAACAGCGGCGGCGGGTCTAATTCTGGAGCTTCATCTAGCAACCCCGCCATGATGGCTGCTGCTCAGGCCGCCCTGCAATCTTCTTGGGGAATGATGGGCATGCTGGCCTCTCAGCAGAACCAGAGCGGCCCCAGCGGAAATAACCAGAATCAGGGCAACTCCCAAAGGGAGCCCggatcGAGACGCGGCGATCACGTATGGAGG,CGGAAGAAGTAA,CGGAA,pool_small_sublibrary_small_40_pilot_hydrophobic_VLIMFYW_to_S_keepCR_reduce_phase_sep
41,pool_small,sublibrary_small,GLGNNQGSNMGGGMNSGASSINPAMMAAAQAALQSSWGMMGMLASQQNQSGPSGNNQNQGNMQREP,pilot_hydrophobic_FYW_to_S_keepCR_reduce_phase_sep,,Q13148,GGTTGTGACGAATCGTGCGCGTCTCggctgTCTAATCGGTAAggatcgaccgtgagtgcacttgccaccatgGGCCTGGGCAACAACCAGGGCAGCAACATGGGCGGCGGCATGAACTCTGGAGCTTCTTCTATCAACCCCGCCATGATGGCCGCTGCTCAGGCCGCTCTGCAATCTTCTTGGGGAATGATGGGCATGCTGGCCTCTCAGCAGAACCAGTCCGGCCCCTCTGGCAATAACCAGAATCAGGGCAATATGCAGAGGGAGCCCggatcGAGACGCGGCGATCACGTATGGAGG,TCTAATCGGTAA,TCTAA,pool_small_sublibrary_small_41_pilot_hydrophobic_FYW_to_S_keepCR_reduce_phase_sep
42,pool_small,sublibrary_small,GSGNNQGSNSGGGSNSGASSSNPASSAAAQAASQSSSGSSGSSASQQNQSGPSGNNQNQGNSQREP,pilot_hydrophobic_VLIMFYW_to_S_reduce_phase_sep,,Q13148,GGTTGTGACGAATCGTGCGCGTCTCggctgAAGATCCGTTAAggatcgaccgtgagtgcacttgccaccatgGGCAGCGGCAACAACCAGGGCAGCAACAGCGGCGGCGGGTCTAATTCTGGAGCATCATCTAGCAACCCCGCAAGCTCAGCTGCTGCTCAGGCCGCCAGCCAGTCATCATCAGGATCATCTGGAAGCAGCGCCTCTCAGCAGAACCAGAGCGGCCCCAGCGGGAACAATCAGAATCAGGGAAACAGCCAGAGAGAGCCCggatcGAGACGCGGCGATCACGTATGGAGG,AAGATCCGTTAA,AAGAT,pool_small_sublibrary_small_42_pilot_hydrophobic_VLIMFYW_to_S_reduce_phase_sep
43,pool_small,sublibrary_small,TTRASYAARSAYGTRPAYPAYGRRPAATAPTRPRDGNKPTETSRPRSSTGGYNRPSLGYGRSNYSY,pilot_polar_allQ_to_R_increase_phase_sep,,Q01844,GGTTGTGACGAATCGTGCGCGTCTCggctgAGCGAGGATTAAggatcgaccgtgagtgcacttgccaccatgACCACAAGGGCCAGCTACGCCGCCAGGAGCGCATATGGAACAAGACCCGCTTATCCTGCTTATGGAAGGAGGCCCGCTGCTACAGCTCCTACAAGGCCCAGGGACGGCAACAAGCCTACAGAAACCTCTCGGCCTAGGTCCAGCACAGGAGGATACAACAGGCCCTCCCTCGGATATGGACGGAGCAACTACTCCTACggatcGAGACGCGGCGATCACGTATGGAGG,AGCGAGGATTAA,AGCGA,pool_small_sublibrary_small_43_pilot_polar_allQ_to_R_increase_phase_sep
44,pool_small,sublibrary_small,TTQASYAAQSAYGTRPAYPAYGQQPAATAPTRPRDGNKPTETSQPQSSTGGYNQPSLGYGRSNYSY,pilot_mut_3_polar_to_R_increase_phase_sep,,Q01844,GGTTGTGACGAATCGTGCGCGTCTCggctgTACTTGGGATAAggatcgaccgtgagtgcacttgccaccatgACCACCCAGGCCAGCTACGCCGCCCAGAGCGCATATGGAACAAGGCCTGCATATCCTGCTTACGGCCAGCAACCTGCTGCTACAGCTCCTACAAGACCCAGGGACGGCAACAAGCCCACAGAGACCAGCCAGCCTCAGAGCTCTACAGGAGGATACAACCAGCCTAGCCTCGGCTACGGAAGGAGCAACTACTCCTACggatcGAGACGCGGCGATCACGTATGGAGG,TACTTGGGATAA,TACTT,pool_small_sublibrary_small_44_pilot_mut_3_polar_to_R_increase_phase_sep
45,pool_small,sublibrary_small,TTQASYAAQSAYGTQPAYPAYGQQPAATAPTRPRDGNKPTETSQPQSSTGGYNQPSLGYGQSNYSY,pilot_mut_1_polar_to_R_increase_phase_sep,,Q01844,GGTTGTGACGAATCGTGCGCGTCTCggctgTAGAAAGCCTAAggatcgaccgtgagtgcacttgccaccatgACCACCCAGGCCAGCTACGCCGCCCAGAGCGCCTATGGAACACAACCAGCTTATCCTGCATACGGCCAGCAACCTGCCGCTACAGCTCCTACAAGGCCCAGGGACGGAAACAAGCCTACAGAGACCAGCCAGCCTCAGAGCTCTACAGGCGGATACAACCAACCCAGCTTGGGCTACGGGCAGAGCAACTACTCCTACggatcGAGACGCGGCGATCACGTATGGAGG,TAGAAAGCCTAA,TAGAA,pool_small_sublibrary_small_45_pilot_mut_1_polar_to_R_increase_phase_sep
46,pool_small,sublibrary_small,NYFGNDGYYGGGGPYYSGGSRYYGSGGQYYGNQGSYYGGSGYYDYYNNGGGGYFGGGSGSYFGGGG,pilot_add_many_Y_increase_phase_sep,,P09651,GGTTGTGACGAATCGTGCGCGTCTCggctgGGTAGGTCGTAAggatcgaccgtgagtgcacttgccaccatgAACTACTTTGGCAACGACGGCTATTACGGCGGCGGGGGCCCCTACTATTCCGGAGGATCTAGATATTATGGGAGCGGCGGACAATACTACGGCAACCAGGGCAGCTACTATGGCGGCAGCGGATACTATGACTACTACAACAACGGCGGAGGCGGGTACTTCGGGGGAGGTAGCGGCTCTTATTTTGGAGGAGGTGGCggatcGAGACGCGGCGATCACGTATGGAGG,GGTAGGTCGTAA,GGTAG,pool_small_sublibrary_small_46_pilot_add_many_Y_increase_phase_sep
47,pool_small,sublibrary_small,NGFGNDGYYGGGGPGYSGGSRYYGSGGQGYGNQGSYYGGSGSYDYYNNGGGGGFGGGSGSYFGGGG,pilot_add_fewer_Y_increase_phase_sep,,P09651,GGTTGTGACGAATCGTGCGCGTCTCggctgCATAAAACCTAAggatcgaccgtgagtgcacttgccaccatgAACGGGTTCGGCAACGACGGCTATTACGGCGGCGGAGGACCTGGATATTCAGGAGGATCTAGGTACTACGGATCTGGAGGCCAGGGCTACGGCAACCAGGGGAGCTACTATGGCGGATCAGGAAGCTACGACTACTACAACAACGGCGGGGGCGGTGGCTTTGGAGGAGGTAGCGGCTCTTATTTTGGTGGTGGAGGCggatcGAGACGCGGCGATCACGTATGGAGG,CATAAAACCTAA,CATAA,pool_small_sublibrary_small_47_pilot_add_fewer_Y_increase_phase_sep
48,pool_small,sublibrary_small,NGFGNDGGYGGGGPGYSGGSRGYGSGGQGYGNQGSYYGGSGSYDSYNNGGGGGFGGGSGSNFGGGG,pilot_add_single_Y_increase_phase_sep,,P09651,GGTTGTGACGAATCGTGCGCGTCTCggctgTCGGGAGGCTAAggatcgaccgtgagtgcacttgccaccatgAACGGCTTCGGCAACGACGGCGGCTATGGAGGAGGAGGTCCTGGATATTCAGGAGGATCTAGGGGGTACGGCTCTGGCGGACAAGGCTACGGCAACCAGGGCTCTTATTACGGAGGAAGTGGGAGCTACGACAGCTACAACAACGGCGGGGGTGGAGGATTTGGAGGTGGGTCCGGATCTAACTTCGGAGGTGGTGGCggatcGAGACGCGGCGATCACGTATGGAGG,TCGGGAGGCTAA,TCGGG,pool_small_sublibrary_small_48_pilot_add_single_Y_increase_phase_sep
49,pool_small,sublibrary_small,LRNREATQGFYDQDSSGWSSSQDQDAYSSFGSRSDSRGQSSFFSDRGSGSRGRFDDRGRSDYDGIG,pilot_allKtoQ_reduce_phase_sep,,O00571,GGTTGTGACGAATCGTGCGCGTCTCggctgTTCAAGCCGTAAggatcgaccgtgagtgcacttgccaccatgCTGAGGAACAGGGAGGCCACCCAGGGCTTCTACGATCAGGACAGCAGCGGCTGGTCTTCTTCTCAAGACCAAGACGCCTACAGCTCCTTCGGCAGCAGGAGCGACTCCAGGGGCCAAAGCTCTTTCTTTAGCGACAGGGGCTCTGGAAGCAGAGGCAGGTTCGACGACAGAGGCCGGAGCGATTATGATGGCATCGGCggatcGAGACGCGGCGATCACGTATGGAGG,TTCAAGCCGTAA,TTCAA,pool_small_sublibrary_small_49_pilot_allKtoQ_reduce_phase_sep
50,pool_small,sublibrary_small,LRNREATQGFYDQDSSGWSSSQDKDAYSSFGSRSDSRGKSSFFSDRGSGSRGRFDDRGRSDYDGIG,pilot_3KtoQ_reduce_phase_sep,,O00571,GGTTGTGACGAATCGTGCGCGTCTCggctgGGGTAGGACTAAggatcgaccgtgagtgcacttgccaccatgCTGAGAAACAGGGAGGCCACCCAGGGCTTCTACGACCAGGACAGCAGCGGATGGTCTAGCTCTCAAGACAAGGACGCCTACAGCTCCTTCGGCAGCAGGAGCGACTCAAGGGGCAAGTCCAGCTTCTTCAGCGACAGAGGCTCTGGATCTAGGGGCAGGTTCGACGACAGGGGGAGAAGCGACTACGATGGCATCGGAggatcGAGACGCGGCGATCACGTATGGAGG,GGGTAGGACTAA,GGGTA,pool_small_sublibrary_small_50_pilot_3KtoQ_reduce_phase_sep
51,pool_small,sublibrary_small,LRNREATQGFYDKDSSGWSSSKDKDAYSSFGSRSDSRGKSSFFSDRGSGSRGRFDDRGRSDYDGIG,pilot_1KtoQ_reduce_phase_sep,,O00571,GGTTGTGACGAATCGTGCGCGTCTCggctgCCTTTGGTTTAAggatcgaccgtgagtgcacttgccaccatgCTGAGAAACAGGGAGGCCACCCAGGGCTTCTACGACAAGGACAGCAGCGGCTGGAGCTCTAGCAAAGATAAGGACGCCTACTCCAGCTTCGGCAGCAGGAGCGACAGCCGGGGCAAGTCCTCTTTCTTTTCTGATAGGGGCAGCGGAAGCAGGGGGAGATTCGACGATAGAGGCAGGTCCGACTACGACGGAATTGGCggatcGAGACGCGGCGATCACGTATGGAGG,CCTTTGGTTTAA,CCTTT,pool_small_sublibrary_small_51_pilot_1KtoQ_reduce_phase_sep
52,pool_small,sublibrary_small,GKYVPPHLKGGDGGAAAAASAGGDDKKGGAGGGGYKKGGGNSGGGGGGGYDKGYNDNKDDKDNKGG,pilot_mutallR_toK_reduce_phase_sep,,D0PV95,GGTTGTGACGAATCGTGCGCGTCTCggctgTCACAACCATAAggatcgaccgtgagtgcacttgccaccatgGGCAAGTACGTGCCCCCTCATCTGAAAGGAGGAGATGGAGGAGCAGCTGCAGCAGCTTCAGCTGGAGGCGACGACAAAAAGGGAGGTGCAGGTGGAGGAGGATATAAGAAGGGCGGCGGCAATTCTGGTGGTGGAGGTGGTGGCGGATACGACAAGGGCTACAACGACAACAAGGACGATAAGGACAATAAGGGTGGCggatcGAGACGCGGCGATCACGTATGGAGG,TCACAACCATAA,TCACA,pool_small_sublibrary_small_52_pilot_mutallR_toK_reduce_phase_sep
53,pool_small,sublibrary_small,GRFVPPHLRGGDGGAAAAASAGGDDRRGGAGGGGFRRGGGNSGGGGGGGFDRGFNDNRDDRDNRGG,pilot_mutallYtoF_reduce_phase_sep,,D0PV95,GGTTGTGACGAATCGTGCGCGTCTCggctgCATTCACTCTAAggatcgaccgtgagtgcacttgccaccatgGGCAGGTTCGTGCCTCCTCATCTTAGGGGAGGAGATGGTGGTGCAGCTGCTGCAGCTTCAGCAGGAGGTGATGATAGGAGGGGTGGAGCTGGTGGAGGAGGATTCAGGAGAGGCGGAGGAAATTCTGGAGGTGGTGGAGGCGGTGGATTCGACAGGGGCTTCAACGACAACAGAGATGACAGGGACAACCGGGGCGGAggatcGAGACGCGGCGATCACGTATGGAGG,CATTCACTCTAA,CATTC,pool_small_sublibrary_small_53_pilot_mutallYtoF_reduce_phase_sep
54,pool_small,sublibrary_small,GKYVPPHLRGGDGGAAAAASAGGDDRRGGAGGGGYRRGGGNSGGGGGGGYDRGYNDNRDDRDNRGG,pilot_mut1RtoK_reduce_phase_sep,,D0PV95,GGTTGTGACGAATCGTGCGCGTCTCggctgAAGGCGAACTAAggatcgaccgtgagtgcacttgccaccatgGGCAAGTACGTGCCTCCTCATCTTAGAGGTGGCGATGGAGGAGCTGCAGCAGCTGCATCAGCTGGTGGAGATGATAGACGCGGAGGTGCTGGAGGAGGAGGTTATAGGAGGGGCGGTGGAAATTCAGGAGGTGGAGGTGGGGGTGGATACGACAGGGGCTACAATGACAACAGGGACGATAGGGACAACCGGGGCGGAggatcGAGACGCGGCGATCACGTATGGAGG,AAGGCGAACTAA,AAGGC,pool_small_sublibrary_small_54_pilot_mut1RtoK_reduce_phase_sep
55,pool_small,sublibrary_small,GGGGSGNGGGGGGNSGGGGGSGGPGNSQFSNFNQRPPPSGNGGSGGGSGGQNNQGWQGGSQGGNNP,pilot_mutallYtoG_reduce_phase_sep,,Q9U2F5,GGTTGTGACGAATCGTGCGCGTCTCggctgACATCAGTCTAAggatcgaccgtgagtgcacttgccaccatgGGCGGCGGGGGATCTGGAAATGGAGGTGGTGGAGGAGGAAATTCAGGAGGAGGTGGAGGATCCGGCGGCCCAGGTAACTCTCAGTTCAGCAACTTCAACCAGAGGCCCCCTCCTAGCGGTAACGGCGGATCAGGTGGAGGTTCTGGAGGACAGAACAACCAAGGCTGGCAGGGTGGCTCTCAAGGCGGCAACAACCCCggatcGAGACGCGGCGATCACGTATGGAGG,ACATCAGTCTAA,ACATC,pool_small_sublibrary_small_55_pilot_mutallYtoG_reduce_phase_sep
56,pool_small,sublibrary_small,GGGGAGNYGYGYGNAGGGGGAGGPGNAQFANFNQRPPPAGNGGAGGGAGGQNNQYWQYYAQYYNNP,pilot_mut_allStoA_reduce_phase_sep,,Q9U2F5,GGTTGTGACGAATCGTGCGCGTCTCggctgTGTTAGATCTAAggatcgaccgtgagtgcacttgccaccatgGGCGGCGGGGGCGCCGGCAACTATGGATATGGTTATGGAAATGCTGGTGGTGGAGGAGGAGCAGGCGGCCCCGGCAATGCCCAGTTTGCTAACTTCAATCAAAGGCCCCCACCTGCTGGTAACGGAGGTGCTGGAGGTGGAGCCGGAGGACAGAACAATCAATACTGGCAGTACTACGCCCAATACTACAACAACCCCggatcGAGACGCGGCGATCACGTATGGAGG,TGTTAGATCTAA,TGTTA,pool_small_sublibrary_small_56_pilot_mut_allStoA_reduce_phase_sep
57,pool_small,sublibrary_small,GGGGSGNGGYGYGNSGGGGGSGGPGNSQFSNFNQRPPPSGNGGSGGGSGGQNNQYWQYYSQYYNNP,pilot_mut_1YtoG_reduce_phase_sep,,Q9U2F5,GGTTGTGACGAATCGTGCGCGTCTCggctgATAACAGGGTAAggatcgaccgtgagtgcacttgccaccatgGGCGGCGGGGGCAGCGGCAACGGAGGATATGGTTATGGAAATTCAGGAGGTGGTGGAGGAAGCGGCGGCCCCGGCAACAGCCAGTTCAGCAACTTCAATCAAAGGCCTCCTCCTAGCGGAAACGGGGGCTCTGGAGGCGGATCTGGCGGACAGAACAATCAATACTGGCAGTACTACAGCCAATACTACAACAACCCCggatcGAGACGCGGCGATCACGTATGGAGG,ATAACAGGGTAA,ATAAC,pool_small_sublibrary_small_57_pilot_mut_1YtoG_reduce_phase_sep
58,pool_small,sublibrary_small,SPSGSPTSPSGSPTSPSGSPTSPSGSPTSPAGSPTSPSGSPTSPSGSPTSPSGSPTSPSGSPTSPN,pilot_mutall_YtoG_reduce_phase_sep,,P04050,GGTTGTGACGAATCGTGCGCGTCTCggctgAGAGCACCCTAAggatcgaccgtgagtgcacttgccaccatgAGCCCTAGCGGCTCCCCCACCTCCCCATCTGGGTCACCAACATCACCTTCAGGAAGTCCAACCTCACCATCCGGCTCACCCACAAGCCCCGCAGGATCTCCAACAAGTCCTAGTGGTTCACCGACATCCCCCTCCGGAAGCCCAACCAGTCCCAGCGGATCACCTACATCTCCTTCTGGATCCCCTACCTCTCCCAACggatcGAGACGCGGCGATCACGTATGGAGG,AGAGCACCCTAA,AGAGC,pool_small_sublibrary_small_58_pilot_mutall_YtoG_reduce_phase_sep
59,pool_small,sublibrary_small,EDNPTANAGFSKAGGYADGNNSEASGPYAAGGAGSFAGCAGGFGLGSPNNDLDPDECMQATGGLFG,pilot_mutallRtoA_reduce_phase_sep,,Q9NQI0,GGTTGTGACGAATCGTGCGCGTCTCggctgTGGCTTGCATAAggatcgaccgtgagtgcacttgccaccatgGAGGACAACCCCACCGCCAACGCCGGCTTCAGCAAGGCCGGCGGATATGCTGATGGAAATAACAGCGAGGCCTCTGGACCCTACGCAGCTGGAGGAGCTGGATCTTTTGCTGGATGTGCAGGAGGCTTCGGCCTGGGATCTCCCAACAACGACCTGGATCCCGACGAATGCATGCAGGCTACAGGAGGGCTCTTCGGCggatcGAGACGCGGCGATCACGTATGGAGG,TGGCTTGCATAA,TGGCT,pool_small_sublibrary_small_59_pilot_mutallRtoA_reduce_phase_sep
60,pool_small,sublibrary_small,EDNPTRNRGASKRGGYRDGNNSEASGPYRRGGRGSARGCRGGAGLGSPNNDLDPDECMQRTGGLAG,pilot_mutallFtoA_reduce_phase_sep,,Q9NQI0,GGTTGTGACGAATCGTGCGCGTCTCggctgAGCAGGCGCTAAggatcgaccgtgagtgcacttgccaccatgGAGGACAATCCCACCAGGAACAGGGGCGCCAGCAAGAGGGGCGGCTACAGAGATGGCAATAACAGCGAAGCTTCTGGACCCTACAGGAGAGGAGGAAGGGGATCTGCTAGGGGATGTAGGGGAGGCGCAGGATTGGGATCTCCCAACAACGACCTGGATCCCGACGAGTGCATGCAAAGGACCGGCGGATTGGCCGGAggatcGAGACGCGGCGATCACGTATGGAGG,AGCAGGCGCTAA,AGCAG,pool_small_sublibrary_small_60_pilot_mutallFtoA_reduce_phase_sep
61,pool_small,sublibrary_small,EDNPTRNRGASKRGGYRDGNNSEASGPYRRGGRGSFRGCRGGFGLGSPNNDLDPDECMQRTGGLFG,pilot_mut1_FtoA_reduce_phase_sep,,Q9NQI0,GGTTGTGACGAATCGTGCGCGTCTCggctgATTCTCATATAAggatcgaccgtgagtgcacttgccaccatgGAGGACAACCCCACCAGGAACAGGGGCGCCAGCAAGAGAGGCGGCTATAGGGACGGAAATAACAGCGAGGCTTCTGGACCCTACAGGAGGGGAGGAAGAGGATCTTTTAGAGGCTGCAGGGGTGGCTTCGGCCTGGGATCTCCCAACAACGACCTGGATCCCGATGAATGTATGCAGAGGACCGGCGGCCTGTTCGGCggatcGAGACGCGGCGATCACGTATGGAGG,ATTCTCATATAA,ATTCT,pool_small_sublibrary_small_61_pilot_mut1_FtoA_reduce_phase_sep
62,pool_small,sublibrary_small,GSRRGGRGSARGCRGGAGLGSPNNDLDPDEGANAGMNNAGRRGGRGSARGCRGGAGLGSPNNDLDP,pilot_s9_mut_allFtoA_reduce_phase_sep,,Q9NQI0,GGTTGTGACGAATCGTGCGCGTCTCggctgAATACAGGGTAAggatcgaccgtgagtgcacttgccaccatgGGCTCTAGAAGGGGAGGACGCGGATCTGCAAGGGGGTGTAGAGGAGGAGCTGGACTTGGAAGCCCAAACAACGACCTGGACCCCGATGAGGGCGCCAATGCAGGAATGAACAATGCTGGAAGAAGAGGTGGAAGGGGCTCTGCTAGAGGATGTAGGGGCGGTGCTGGTCTGGGATCCCCTAACAATGATCTGGATCCCggatcGAGACGCGGCGATCACGTATGGAGG,AATACAGGGTAA,AATAC,pool_small_sublibrary_small_62_pilot_s9_mut_allFtoA_reduce_phase_sep
63,pool_small,sublibrary_small,GSRRGGRGSFRGCRGGFGLGSPNNDLDPDEGANFGMNNFGRRGGRGSARGCRGGFGLGSPNNDLDP,pilot_s9_mut_fewer_FtoA_reduce_phase_sep,,Q9NQI0,GGTTGTGACGAATCGTGCGCGTCTCggctgATTTCCAGTTAAggatcgaccgtgagtgcacttgccaccatgGGCAGCAGAAGAGGCGGCAGAGGCAGCTTCAGAGGCTGTAGAGGGGGCTTTGGACTTGGAAGCCCCAACAACGACCTGGACCCCGATGAGGGAGCCAACTTCGGCATGAACAATTTTGGAAGGAGAGGAGGCAGGGGCAGCGCTAGAGGATGTAGGGGCGGATTTGGTCTGGGATCTCCTAACAATGACCTCGACCCCggatcGAGACGCGGCGATCACGTATGGAGG,ATTTCCAGTTAA,ATTTC,pool_small_sublibrary_small_63_pilot_s9_mut_fewer_FtoA_reduce_phase_sep
64,pool_small,sublibrary_small,GSAAGGAGSFAGCAGGFGLGSPNNDLDPDEGFNFGMNNFGAAGGAGSFAGCAGGFGLGSPNNDLDP,pilot_s9_mut_all_RtoA_reduce_phase_sep,,Q9NQI0,GGTTGTGACGAATCGTGCGCGTCTCggctgAATCAGTCATAAggatcgaccgtgagtgcacttgccaccatgGGCTCCGCCGCCGGTGGAGCAGGATCATTTGCAGGATGTGCAGGAGGATTTGGATTGGGCTCCCCCAACAACGACCTCGACCCCGACGAGGGATTCAACTTCGGCATGAACAACTTTGGCGCCGCTGGAGGAGCTGGCAGCTTTGCTGGTTGTGCTGGTGGCTTTGGTTTGGGATCTCCCAATAACGATCTGGACCCCggatcGAGACGCGGCGATCACGTATGGAGG,AATCAGTCATAA,AATCA,pool_small_sublibrary_small_64_pilot_s9_mut_all_RtoA_reduce_phase_sep
65,pool_small,sublibrary_small,GSRRGGAGSFRGCRGGFGLGSPNNDLDPDEGFNFGMNNFGARGGRGSFAGCRGGFGLGSPNNDLDP,pilot_s9_mut_fewer_RtoA_reduce_phase_sep,,Q9NQI0,GGTTGTGACGAATCGTGCGCGTCTCggctgTGCCCGAACTAAggatcgaccgtgagtgcacttgccaccatgGGCAGCAGAAGGGGCGGCGCTGGATCTTTTAGAGGCTGCAGGGGAGGCTTTGGACTTGGAAGCCCCAACAACGACCTGGACCCTGATGAAGGCTTCAACTTCGGCATGAACAATTTCGGCGCCAGAGGCGGAAGGGGTTCTTTTGCTGGATGTAGGGGTGGGTTTGGTCTGGGATCCCCCAATAACGATCTGGATCCCggatcGAGACGCGGCGATCACGTATGGAGG,TGCCCGAACTAA,TGCCC,pool_small_sublibrary_small_65_pilot_s9_mut_fewer_RtoA_reduce_phase_sep
66,pool_small,sublibrary_small,GSKKGGKGSFKGCKGGFGLGSPNNDLDPDEGFNFGMNNFGKKGGKGSFKGCKGGFGLGSPNNDLDP,pilot_s9_mut_RtoK_reduce_phase_sep,,Q9NQI0,GGTTGTGACGAATCGTGCGCGTCTCggctgTGAAAGTAATAAggatcgaccgtgagtgcacttgccaccatgGGCAGCAAAAAGGGCGGCAAGGGCAGCTTCAAGGGGTGCAAGGGAGGCTTTGGACTGGGAAGCCCCAATAACGACCTGGACCCCGATGAAGGCTTCAATTTCGGCATGAACAACTTCGGCAAGAAGGGTGGCAAAGGCTCTTTCAAAGGGTGTAAAGGCGGGTTCGGCCTGGGCTCCCCTAACAACGATCTGGATCCCggatcGAGACGCGGCGATCACGTATGGAGG,TGAAAGTAATAA,TGAAA,pool_small_sublibrary_small_66_pilot_s9_mut_RtoK_reduce_phase_sep
67,pool_small,sublibrary_small,GSAAGGAGSAAGCAGGAGLGSPNNDLDPDEGANAGMNNAGAAGGAGSAAGCAGGAGLGSPNNDLDP,pilot_s9_mut_allFandRtoA_reduce_phase_sep,,Q9NQI0,GGTTGTGACGAATCGTGCGCGTCTCggctgCTCACCTTCTAAggatcgaccgtgagtgcacttgccaccatgGGCAGTGCTGCTGGTGGAGCAGGATCAGCTGCTGGATGTGCAGGAGGAGCTGGACTTGGAAGCCCAAACAACGACCTGGACCCCGACGAGGGAGCAAACGCTGGAATGAACAATGCAGGAGCAGCAGGTGGTGCAGGTAGTGCAGCTGGTTGTGCTGGAGGTGCTGGTTTGGGATCCCCTAACAATGACCTCGACCCCggatcGAGACGCGGCGATCACGTATGGAGG,CTCACCTTCTAA,CTCAC,pool_small_sublibrary_small_67_pilot_s9_mut_allFandRtoA_reduce_phase_sep
68,pool_small,sublibrary_small,GPPNFNCGRDGRGCSRDGFGGRNRFLGRGFGRGDGRNDGRPLGFGSFFENGDMNSSRSGGNGLLPG,pilot_s9_random_scramble_1,,Q9NQI0,GGTTGTGACGAATCGTGCGCGTCTCggctgTGGAGGCACTAAggatcgaccgtgagtgcacttgccaccatgGGCCCTCCCAACTTCAACTGCGGCAGAGATGGCAGGGGGTGCAGCAGGGATGGATTTGGAGGCAGAAACAGGTTCCTGGGAAGGGGCTTCGGAAGAGGCGATGGAAGGAACGATGGACGGCCTCTTGGCTTTGGCAGCTTCTTCGAGAACGGGGACATGAACAGCAGCAGAAGCGGCGGCAACGGCCTGCTTCCTGGCggatcGAGACGCGGCGATCACGTATGGAGG,TGGAGGCACTAA,TGGAG,pool_small_sublibrary_small_68_pilot_s9_random_scramble_1
69,pool_small,sublibrary_small,RNGGNSFGGPLRGDGLDDNRCSGPGGGGLGSGRFPGCGRGRFGFGRGRFLSENSFNDNRMRPGDFN,pilot_s9_random_scramble_2,,Q9NQI0,GGTTGTGACGAATCGTGCGCGTCTCggctgCTCTTCCAATAAggatcgaccgtgagtgcacttgccaccatgAGGAACGGCGGCAATAGCTTCGGCGGCCCCCTGAGGGGCGATGGATTGGATGATAATCGATGTTCAGGACCAGGAGGAGGCGGCCTGGGATCTGGAAGGTTTCCTGGATGTGGAAGAGGCAGGTTTGGCTTCGGGAGGGGCCGGTTCCTGAGCGAGAACTCTTTCAACGACAACAGGATGAGGCCCGGAGACTTCAACggatcGAGACGCGGCGATCACGTATGGAGG,CTCTTCCAATAA,CTCTT,pool_small_sublibrary_small_69_pilot_s9_random_scramble_2
70,pool_small,sublibrary_small,LFSGGPGLDGPGRNRGGFNFNESGGNGGGFGGCCRSSGRNNDMRPLRRRFGSGDPGLGFRDDFRGN,pilot_s9_random_scramble_3,,Q9NQI0,GGTTGTGACGAATCGTGCGCGTCTCggctgCTCCAAGACTAAggatcgaccgtgagtgcacttgccaccatgCTGTTCAGCGGCGGCCCCGGCCTGGACGGCCCTGGAAGGAATAGGGGCGGATTTAATTTTAACGAGAGCGGGGGCAACGGCGGCGGGTTCGGAGGATGTTGTAGGTCTTCTGGAAGAAACAACGACATGAGACCCCTGAGGAGGAGGTTCGGCAGCGGGGATCCTGGACTTGGATTTAGGGACGACTTTAGGGGCAACggatcGAGACGCGGCGATCACGTATGGAGG,CTCCAAGACTAA,CTCCA,pool_small_sublibrary_small_70_pilot_s9_random_scramble_3
71,pool_small,sublibrary_small,TSGSSGSSSQSSSSGQPQSGSSSQQPSSGGQQQSSGQQQSSNPPQGSGQQNQSNSSSGGGGGGGGG,pilot_FUS_mutallYtoS_reduce_phase_sep,,P35637,GGTTGTGACGAATCGTGCGCGTCTCggctgTCCGCGCAGTAAggatcgaccgtgagtgcacttgccaccatgACCAGCGGCAGCAGCGGCTCCAGCAGCCAGAGCAGCTCATCAGGACAACCTCAATCTGGAAGCTCCTCCCAGCAACCCAGCTCTGGGGGCCAACAACAGTCCTCAGGTCAACAGCAGAGCTCCAACCCTCCCCAAGGCTCTGGACAGCAAAACCAGTCCAACAGCTCTAGCGGTGGTGGAGGAGGCGGAGGTGGAGGCggatcGAGACGCGGCGATCACGTATGGAGG,TCCGCGCAGTAA,TCCGC,pool_small_sublibrary_small_71_pilot_FUS_mutallYtoS_reduce_phase_sep
72,pool_small,sublibrary_small,IKPKRRLSAARRAGTSCANCQTTTTTLWRRNANGDPVCNACGLYYKLHNINRPLTMKKEGIQTRNR,pilot_structured_region_from_DNA_binding_domain_contains_flexible_linker,,P23771,GGTTGTGACGAATCGTGCGCGTCTCggctgTTCCTCAGATAAggatcgaccgtgagtgcacttgccaccatgATCAAGCCCAAGAGGAGGCTGAGCGCCGCCAGGAGAGCCGGCACCTCTTGTGCTAATTGTCAAACCACCACAACCACCCTGTGGAGGAGGAACGCCAACGGGGACCCCGTTTGCAATGCTTGTGGACTGTACTACAAGCTGCACAACATCAACAGGCCCCTGACCATGAAGAAGGAGGGCATCCAGACCAGGAACAGAggatcGAGACGCGGCGATCACGTATGGAGG,TTCCTCAGATAA,TTCCT,pool_small_sublibrary_small_72_pilot_structured_region_from_DNA_binding_domain_contains_flexible_linker
73,pool_small,sublibrary_small,MNYLRRRLSDSNFMANLPNGYMTDLQRPQPPPPPPGAHSPGATPGPGTATAERSSGVAPAASPAAP,pilot_disordered_N-term,,P17600,GGTTGTGACGAATCGTGCGCGTCTCggctgAACCTATAGTAAggatcgaccgtgagtgcacttgccaccatgATGAACTACCTCAGAAGGAGGCTGAGCGACAGCAACTTCATGGCCAACCTGCCCAACGGCTACATGACAGACCTTCAAAGGCCTCAACCACCTCCTCCACCACCAGGTGCTCATAGTCCTGGAGCTACTCCTGGACCTGGCACAGCTACCGCTGAAAGGAGCTCCGGAGTTGCACCAGCTGCTTCTCCTGCTGCTCCTggatcGAGACGCGGCGATCACGTATGGAGG,AACCTATAGTAA,AACCT,pool_small_sublibrary_small_73_pilot_disordered_N-term
74,pool_small,sublibrary_small,DWLEGMSGDMRSGGGYRGRGGRGNGQRFGGRDHRYQGGSGNGGGGNGGGGGFGGGGQRSGGGGGFQ,pilot_disordered_C-term,,D0PV95,GGTTGTGACGAATCGTGCGCGTCTCggctgGTCCGATAATAAggatcgaccgtgagtgcacttgccaccatgGACTGGCTGGAGGGCATGTCTGGCGATATGAGATCTGGCGGAGGATATAGAGGAAGGGGAGGAAGAGGCAACGGCCAGAGGTTTGGTGGACGGGACCACAGGTACCAAGGAGGTAGCGGAAATGGTGGTGGCGGCAATGGAGGAGGAGGTGGCTTTGGAGGTGGAGGTCAAAGGTCTGGAGGTGGTGGAGGCTTCCAGggatcGAGACGCGGCGATCACGTATGGAGG,GTCCGATAATAA,GTCCG,pool_small_sublibrary_small_74_pilot_disordered_C-term
75,pool_small,sublibrary_small,IPALQGGRDLMSCAQTGSGKTAAFLVPLVNAILQDGPDAVHRSVTSSGGRKKQYPSALVLSPTREL,pilot_helicase_ATP_binding_domain_fragment,,D0PV95,GGTTGTGACGAATCGTGCGCGTCTCggctgTTCTCAACTTAAggatcgaccgtgagtgcacttgccaccatgATCCCCGCCCTGCAAGGCGGCAGGGACCTGATGAGCTGCGCTCAAACAGGATCTGGAAAAACCGCCGCTTTCCTGGTGCCCCTGGTGAACGCCATTCTGCAGGATGGTCCTGATGCTGTTCATAGAAGCGTGACCAGCAGCGGGGGCAGGAAGAAGCAGTACCCCAGCGCCCTTGTTCTTTCTCCTACAAGGGAGCTGggatcGAGACGCGGCGATCACGTATGGAGG,TTCTCAACTTAA,TTCTC,pool_small_sublibrary_small_75_pilot_helicase_ATP_binding_domain_fragment
76,pool_small,sublibrary_small,IARNKPKDSGRFGGDFRSPSMRGMDHTSSSRVSSKRRSKRMGDDRRSNRGYTSRKDREKAAEKAEE,pilot_disordered_region,,P39936,GGTTGTGACGAATCGTGCGCGTCTCggctgTCTTCCAAATAAggatcgaccgtgagtgcacttgccaccatgATCGCCAGGAACAAGCCCAAGGACAGCGGCAGGTTCGGCGGGGACTTTAGGAGCCCTTCTATGAGGGGAATGGACCACACCAGCTCCTCTAGGGTGTCCAGCAAGAGGAGGAGCAAGCGGATGGGCGATGATAGGAGAAGCAATAGGGGCTACACCTCCAGAAAGGACCGGGAGAAGGCCGCTGAGAAAGCCGAGGAGggatcGAGACGCGGCGATCACGTATGGAGG,TCTTCCAAATAA,TCTTC,pool_small_sublibrary_small_76_pilot_disordered_region
77,pool_small,sublibrary_small,QLRQKKNSQRSNSRFNNHNQSNSNRYSSNRRNMQNTQRDSFASTKTGSFRNNQRNARKVEEVSQAP,pilot_disordered_region,,P39936,GGTTGTGACGAATCGTGCGCGTCTCggctgAGGCATAAATAAggatcgaccgtgagtgcacttgccaccatgCAGCTGAGACAGAAGAAGAACAGCCAGAGGAGCAACAGCAGGTTCAACAACCACAACCAGAGCAACTCCAACAGGTACAGCAGCAACCGGAGGAACATGCAGAACACCCAGAGGGACAGCTTCGCCAGCACCAAGACCGGCAGCTTCAGGAACAATCAGAGGAACGCCAGAAAGGTGGAGGAGGTGAGCCAGGCCCCCggatcGAGACGCGGCGATCACGTATGGAGG,AGGCATAAATAA,AGGCA,pool_small_sublibrary_small_77_pilot_disordered_region
78,pool_small,sublibrary_small,YNLPLPGGVVPRMLITILGTVKPNANRIALDFQRGNDVAFHFNPRFNENNRRVIVCNTKLDNNWGR,pilot_structured_region,,P17931,GGTTGTGACGAATCGTGCGCGTCTCggctgATTGAACCTTAAggatcgaccgtgagtgcacttgccaccatgTACAACCTGCCCCTGCCCGGCGGCGTGGTGCCTAGGATGCTGATCACAATTCTGGGAACAGTGAAACCCAACGCCAACAGGATCGCCCTGGACTTCCAGAGGGGCAACGACGTGGCCTTCCATTTCAACCCCAGGTTCAACGAGAACAACAGAAGGGTGATCGTGTGCAACACCAAGCTGGACAACAACTGGGGCAGGggatcGAGACGCGGCGATCACGTATGGAGG,ATTGAACCTTAA,ATTGA,pool_small_sublibrary_small_78_pilot_structured_region
79,pool_small,sublibrary_small,GSRRGGRGSFRGCRGGFGLGSPNNDLDPDEGFNFGMNNFGRRGGRGSFRGCRGGFGLGSPNNDLDP,pilot_control,,Q9NQI0,GGTTGTGACGAATCGTGCGCGTCTCggctgCACATTGGTTAAggatcgaccgtgagtgcacttgccaccatgGGCTCCAGAAGAGGAGGTAGAGGCAGTTTTCGCGGATGCCGCGGCGGATTTGGCCTGGGAAGCCCTAACAATGATTTGGACCCTGACGAGGGATTCAATTTTGGCATGAATAATTTTGGTCGGCGAGGGGGTCGAGGATCATTTAGAGGATGCCGGGGTGGATTTGGTCTGGGCAGCCCGAATAATGATCTTGATCCAggatcGAGACGCGGCGATCACGTATGGAGG,CACATTGGTTAA,CACAT,pool_small_sublibrary_small_79_pilot_control
80,pool_small,sublibrary_small,GGGGNGDGNGGSGGNGSGPYGYGFRSFYQGYGSGGGGQGGSGGSGGGSGGSGNNGGNGDFGYYGYS,add_to_pilot_classI_pattern_omega_high_FWY,NGFGNDGGYGGGGPGYSGGSRGYGSGGQGYGNQGSGYGGSGSYDSYNNGGGGGFGGGSGSNFGGGG,P09651,GGTTGTGACGAATCGTGCGCGTCTCggctgCCCTCGTCCTAAggatcgaccgtgagtgcacttgccaccatgGGCGGCGGAGGCAATGGGGACGGCAACGGAGGCTCTGGAGGAAATGGATCTGGACCTTATGGCTATGGCTTCAGATCCTTCTACCAGGGCTACGGGTCAGGAGGAGGTGGACAAGGAGGAAGTGGAGGATCAGGTGGAGGTAGTGGCGGTAGCGGCAACAACGGCGGTAACGGAGACTTCGGATACTACGGATATAGCggatcGAGACGCGGCGATCACGTATGGAGG,CCCTCGTCCTAA,CCCTC,pool_small_sublibrary_small_80_add_to_pilot_classI_pattern_omega_high_FWY
81,pool_small,sublibrary_small,NGGGSFSGQGFGGGGYDNSGGYGGNNSGYQNGGDGYGGPGGYGGGYGGRSGGGGGFGSGSYGNSSG,add_to_pilot_classI_pattern_omega_low_FWY,NGFGNDGGYGGGGPGYSGGSRGYGSGGQGYGNQGSGYGGSGSYDSYNNGGGGGFGGGSGSNFGGGG,P09651,GGTTGTGACGAATCGTGCGCGTCTCggctgTGGGAGAAATAAggatcgaccgtgagtgcacttgccaccatgAACGGCGGCGGCAGCTTCAGCGGCCAGGGCTTTGGAGGAGGAGGTTATGATAATTCAGGTGGCTACGGCGGGAACAACAGCGGCTACCAGAACGGAGGCGATGGATATGGAGGACCAGGTGGGTACGGAGGTGGTTATGGTGGAAGGAGCGGCGGTGGTGGAGGATTTGGAAGCGGAAGCTACGGGAACTCCTCTGGAggatcGAGACGCGGCGATCACGTATGGAGG,TGGGAGAAATAA,TGGGA,pool_small_sublibrary_small_81_add_to_pilot_classI_pattern_omega_low_FWY
82,pool_small,sublibrary_small,SPPLPEFFLSFFQQRNSASATQFFQDSSEPALLASSERNKDNEATLAAQSPPAKKIEKARLPSSSH,add_to_pilot_classI_pattern_omega_high_FWY,LAEAQPPLAAPPQKPQPHPQLNKSQSLTNAFSFSESSFFRSSANEDEAKAETIRSLRKSFASLFSD,Q92777,GGTTGTGACGAATCGTGCGCGTCTCggctgTTAGACTCTTAAggatcgaccgtgagtgcacttgccaccatgAGCCCTCCCCTGCCCGAGTTCTTCCTGAGCTTCTTCCAGCAGAGGAACAGCGCTTCCGCTACCCAGTTCTTTCAGGACTCCAGCGAGCCCGCTCTGTTGGCCTCTTCTGAGAGGAATAAGGACAACGAGGCCACCCTGGCTGCCCAGTCTCCTCCTGCCAAGAAGATCGAAAAGGCTAGACTGCCGAGCAGCAGCCACggatcGAGACGCGGCGATCACGTATGGAGG,TTAGACTCTTAA,TTAGA,pool_small_sublibrary_small_82_add_to_pilot_classI_pattern_omega_high_FWY
83,pool_small,sublibrary_small,KSQEHLPARSFQRDLSAFRSESINSSALESFALLPKSKFNTPASTPAQSQPFAQDPAANSEFEKPL,add_to_pilot_classI_pattern_omega_low_FWY,LAEAQPPLAAPPQKPQPHPQLNKSQSLTNAFSFSESSFFRSSANEDEAKAETIRSLRKSFASLFSD,Q92777,GGTTGTGACGAATCGTGCGCGTCTCggctgCCCGTCCACTAAggatcgaccgtgagtgcacttgccaccatgAAGAGCCAGGAGCACCTGCCCGCCAGGTCCTTCCAGAGGGACCTGTCTGCTTTTAGGTCTGAGAGCATCAACAGCAGCGCCCTGGAGAGCTTCGCTCTGCTGCCCAAGAGCAAGTTCAACACCCCTGCTAGCACTCCCGCCCAGTCTCAACCCTTTGCTCAAGACCCCGCTGCCAATTCTGAGTTCGAGAAGCCCCTGggatcGAGACGCGGCGATCACGTATGGAGG,CCCGTCCACTAA,CCCGT,pool_small_sublibrary_small_83_add_to_pilot_classI_pattern_omega_low_FWY
84,pool_small,sublibrary_small,AFISFAASSFEQTDSLSAQTLEFESPPFSSRKRAKSPQSSNNAKRKFLQPLPDEAPPSQANHEALL,add_to_pilot_classI_pattern_kappa_high_RK_vs_ED,LAEAQPPLAAPPQKPQPHPQLNKSQSLTNAFSFSESSFFRSSANEDEAKAETIRSLRKSFASLFSD,Q92777,GGTTGTGACGAATCGTGCGCGTCTCggctgGCGGTCGCATAAggatcgaccgtgagtgcacttgccaccatgGCCTTCATCTCCTTCGCTGCCAGCAGCTTCGAGCAAACCGACTCCCTGTCCGCCCAGACACTGGAGTTTGAGAGCCCTCCCTTCAGCTCTAGGAAAAGGGCCAAGTCCCCTCAGAGCAGCAACAACGCCAAGAGGAAGTTCCTGCAGCCTCTGCCTGACGAGGCTCCTCCCTCTCAGGCCAATCACGAAGCTCTGCTGggatcGAGACGCGGCGATCACGTATGGAGG,GCGGTCGCATAA,GCGGT,pool_small_sublibrary_small_84_add_to_pilot_classI_pattern_kappa_high_RK_vs_ED
85,pool_small,sublibrary_small,AFEQRQEFPKAEESKQHLSSQSLLSPPFTNLSPRPASFFAKENAFITSARSDKDASSNAPQPLLAS,add_to_pilot_classI_pattern_kappa_low_RK_vs_ED,LAEAQPPLAAPPQKPQPHPQLNKSQSLTNAFSFSESSFFRSSANEDEAKAETIRSLRKSFASLFSD,Q92777,GGTTGTGACGAATCGTGCGCGTCTCggctgAAGCGCCTCTAAggatcgaccgtgagtgcacttgccaccatgGCCTTCGAGCAAAGGCAGGAGTTCCCCAAGGCCGAGGAGTCCAAGCAGCACCTGAGCTCTCAGTCTCTGCTCTCTCCTCCCTTCACCAACCTGTCTCCTAGGCCCGCCTCCTTCTTCGCCAAGGAGAACGCCTTCATCACCAGTGCTAGGAGCGACAAGGACGCCAGCAGCAACGCTCCCCAACCTCTGTTGGCTAGCggatcGAGACGCGGCGATCACGTATGGAGG,AAGCGCCTCTAA,AAGCG,pool_small_sublibrary_small_85_add_to_pilot_classI_pattern_kappa_low_RK_vs_ED
86,pool_small,sublibrary_small,RSSPRDRKEGGGGGNNTRSCDFFRRGGNPNDERDGGRCGGYFPRYRFSGGNPMASLEGQLGGTDLN,add_to_pilot_classI_pattern_omega_high_FWY,EDNPTRNRGFSKRGGYRDGNNSEASGPYRRGGRGSFRGCRGGFGLGSPNNDLDPDECMQRTGGLFG,Q9NQI0,GGTTGTGACGAATCGTGCGCGTCTCggctgTACACCCTATAAggatcgaccgtgagtgcacttgccaccatgAGGAGCTCCCCTAGAGACAGGAAGGAGGGAGGCGGCGGAGGCAACAACACTAGATCTTGTGACTTCTTCAGGAGAGGCGGGAACCCCAACGACGAGAGGGACGGCGGAAGATGTGGAGGATACTTTCCTAGGTACAGGTTCAGCGGCGGTAACCCCATGGCTAGCCTGGAGGGCCAATTGGGAGGAACAGACCTGAACggatcGAGACGCGGCGATCACGTATGGAGG,TACACCCTATAA,TACAC,pool_small_sublibrary_small_86_add_to_pilot_classI_pattern_omega_high_FWY
87,pool_small,sublibrary_small,SCGSFGRDRLEECRRPKEYRNPDFGRNGRGNGRTMNGSGDGNFGADRFLTGDGGPGSQLPSNYRGG,add_to_pilot_classI_pattern_omega_low_FWY,EDNPTRNRGFSKRGGYRDGNNSEASGPYRRGGRGSFRGCRGGFGLGSPNNDLDPDECMQRTGGLFG,Q9NQI0,GGTTGTGACGAATCGTGCGCGTCTCggctgTATCCCGCGTAAggatcgaccgtgagtgcacttgccaccatgAGCTGCGGCAGCTTCGGCAGGGACAGGCTGGAGGAGTGCAGAAGGCCCAAAGAATATAGGAACCCTGACTTCGGGAGAAACGGCAGAGGCAACGGCCGGACCATGAACGGATCAGGAGATGGCAACTTCGGCGCTGATAGATTCCTGACCGGGGACGGAGGACCTGGCTCTCAGCTTCCTAGCAACTACAGGGGCGGAggatcGAGACGCGGCGATCACGTATGGAGG,TATCCCGCGTAA,TATCC,pool_small_sublibrary_small_87_add_to_pilot_classI_pattern_omega_low_FWY
88,pool_small,sublibrary_small,GRGQAEMYGGCNLGNGGRGSCSGGRKGRRRRSPFYDLDFGSNPRTGPRRNFSNFPDGDNGGEETLD,add_to_pilot_classI_pattern_kappa_high_RK_vs_ED,EDNPTRNRGFSKRGGYRDGNNSEASGPYRRGGRGSFRGCRGGFGLGSPNNDLDPDECMQRTGGLFG,Q9NQI0,GGTTGTGACGAATCGTGCGCGTCTCggctgTCAACTCGTTAAggatcgaccgtgagtgcacttgccaccatgGGCAGAGGCCAGGCCGAGATGTACGGCGGCTGTAACCTTGGAAATGGAGGAAGGGGCTCTTGCAGCGGAGGCAGGAAAGGCAGAAGAAGACGGAGCCCTTTCTACGACCTGGACTTCGGCTCCAACCCTAGGACAGGCCCTAGAAGGAACTTCAGCAATTTCCCCGACGGGGACAACGGCGGGGAGGAGACACTGGACggatcGAGACGCGGCGATCACGTATGGAGG,TCAACTCGTTAA,TCAAC,pool_small_sublibrary_small_88_add_to_pilot_classI_pattern_kappa_high_RK_vs_ED
89,pool_small,sublibrary_small,NRDLRGMGDRNGGCTGQNLGFSGGLRNDYRESREFTRPPDGSYGRPNKDRGEFGGRAGSPGGFSCN,add_to_pilot_classI_pattern_kappa_low_RK_vs_ED,EDNPTRNRGFSKRGGYRDGNNSEASGPYRRGGRGSFRGCRGGFGLGSPNNDLDPDECMQRTGGLFG,Q9NQI0,GGTTGTGACGAATCGTGCGCGTCTCggctgCACTAGGCCTAAggatcgaccgtgagtgcacttgccaccatgAACAGGGACCTGAGAGGCATGGGCGACAGGAACGGCGGCTGCACCGGCCAAAATTTGGGATTCAGTGGAGGACTGAGGAACGACTACAGGGAGAGCAGGGAGTTCACAAGGCCTCCCGACGGCTCTTACGGAAGGCCCAACAAGGATAGGGGAGAATTTGGAGGTAGGGCCGGCTCCCCTGGCGGATTTAGCTGCAACggatcGAGACGCGGCGATCACGTATGGAGG,CACTAGGCCTAA,CACTA,pool_small_sublibrary_small_89_add_to_pilot_classI_pattern_kappa_low_RK_vs_ED
90,pool_small,sublibrary_small,YYFFSGGGGGSGGSGGRGQGYSYGNFGYGGGSGGGGGGGYYDNQNNGSGNPGGGGGSSDGGSGGNG,add_to_pilot_classI_pattern_omega_high_FWY,NGFGNDGGYGGGGPGYSGGSRGYGSGGQGYGNQGSGYGGSGSYDSYNNGGGGGFGGGSGSNFGGGG,P09651,GGTTGTGACGAATCGTGCGCGTCTCggctgGCTCGAGGCTAAggatcgaccgtgagtgcacttgccaccatgTACTACTTCTTCAGCGGTGGCGGAGGCGGAAGCGGAGGATCAGGTGGAAGGGGCCAAGGATATTCTTATGGCAACTTCGGCTACGGCGGCGGGTCTGGTGGTGGAGGAGGCGGTGGATACTATGACAATCAGAACAACGGCAGCGGGAACCCCGGAGGAGGTGGAGGTTCTTCTGATGGTGGATCTGGAGGAAATGGCggatcGAGACGCGGCGATCACGTATGGAGG,GCTCGAGGCTAA,GCTCG,pool_small_sublibrary_small_90_add_to_pilot_classI_pattern_omega_high_FWY
91,pool_small,sublibrary_small,GDGYQQGGGGYSGGGSGSGYNDGYGGSGGSYGGPGGSGFGGRNFSGGNGYSNGNFGGGGYGGGNSG,add_to_pilot_classI_pattern_omega_low_FWY,NGFGNDGGYGGGGPGYSGGSRGYGSGGQGYGNQGSGYGGSGSYDSYNNGGGGGFGGGSGSNFGGGG,P09651,GGTTGTGACGAATCGTGCGCGTCTCggctgCGCCTCTAGTAAggatcgaccgtgagtgcacttgccaccatgGGCGACGGCTACCAGCAGGGCGGCGGAGGCTATTCAGGAGGAGGATCAGGATCTGGATATAACGACGGGTACGGCGGCAGCGGAGGTTCATATGGAGGACCAGGTGGTTCTGGATTTGGAGGCAGAAACTTCAGCGGCGGGAACGGGTATAGCAACGGCAACTTCGGCGGTGGAGGATATGGTGGTGGCAACAGCGGCggatcGAGACGCGGCGATCACGTATGGAGG,CGCCTCTAGTAA,CGCCT,pool_small_sublibrary_small_91_add_to_pilot_classI_pattern_omega_low_FWY
92,pool_small,sublibrary_small,ATKSLHAPSNKERASEFFPLKAIQAQSFFKSRESSRPNFFPSPASAALSDPTEANLQESQLSLPDQ,add_to_pilot_classI_pattern_omega_high_FWY,LAEAQPPLAAPPQKPQPHPQLNKSQSLTNAFSFSESSFFRSSANEDEAKAETIRSLRKSFASLFSD,Q92777,GGTTGTGACGAATCGTGCGCGTCTCggctgATAGTCCCTTAAggatcgaccgtgagtgcacttgccaccatgGCCACCAAAAGCCTGCACGCCCCTAGCAACAAGGAGAGGGCCAGCGAGTTCTTTCCCCTGAAGGCTATCCAGGCCCAGAGCTTCTTTAAGAGCCGGGAGAGCTCCAGACCCAACTTCTTCCCTAGCCCCGCCTCTGCTGCTCTTTCTGATCCCACCGAGGCCAACCTGCAGGAATCTCAACTGAGCCTGCCCGACCAGggatcGAGACGCGGCGATCACGTATGGAGG,ATAGTCCCTTAA,ATAGT,pool_small_sublibrary_small_92_add_to_pilot_classI_pattern_omega_high_FWY
93,pool_small,sublibrary_small,LSLPQSQFSASDNIFAALAFDTRPQSNEKSAPSANRSALEQFSTQSLERKAHKFSAEPPPLFPSKE,add_to_pilot_classI_pattern_omega_low_FWY,LAEAQPPLAAPPQKPQPHPQLNKSQSLTNAFSFSESSFFRSSANEDEAKAETIRSLRKSFASLFSD,Q92777,GGTTGTGACGAATCGTGCGCGTCTCggctgCCATAGCGATAAggatcgaccgtgagtgcacttgccaccatgCTGAGCCTGCCCCAGAGCCAGTTCAGCGCCAGCGACAACATCTTCGCTGCCCTGGCTTTTGACACCAGGCCCCAGTCCAACGAGAAGAGCGCTCCTTCTGCCAATAGGTCCGCCCTGGAACAGTTCTCCACCCAGTCTCTGGAGAGGAAGGCCCACAAGTTCTCTGCCGAGCCTCCTCCCCTGTTTCCCAGCAAGGAGggatcGAGACGCGGCGATCACGTATGGAGG,CCATAGCGATAA,CCATA,pool_small_sublibrary_small_93_add_to_pilot_classI_pattern_omega_low_FWY
94,pool_small,sublibrary_small,LAQFAKFFRKLFLKSPSLSSPASNPRTSADEEDFLEEAASSSESHFPAPQLQSRTAIKPSAQNQNP,add_to_pilot_classI_pattern_kappa_high_RK_vs_ED,LAEAQPPLAAPPQKPQPHPQLNKSQSLTNAFSFSESSFFRSSANEDEAKAETIRSLRKSFASLFSD,Q92777,GGTTGTGACGAATCGTGCGCGTCTCggctgTTTACCGAATAAggatcgaccgtgagtgcacttgccaccatgCTGGCCCAGTTCGCCAAGTTCTTCAGGAAGCTGTTCCTCAAGAGCCCCAGCCTGAGCTCCCCTGCCTCCAATCCTAGGACCTCTGCTGACGAAGAGGACTTTCTGGAAGAGGCCGCAAGCAGCAGCGAGAGCCACTTCCCCGCTCCTCAATTGCAAAGTAGGACCGCTATCAAGCCTAGCGCCCAGAACCAGAATCCCggatcGAGACGCGGCGATCACGTATGGAGG,TTTACCGAATAA,TTTAC,pool_small_sublibrary_small_94_add_to_pilot_classI_pattern_kappa_high_RK_vs_ED
95,pool_small,sublibrary_small,SLQQNEQSEPSQSPASLEEDDLLSTSPKQRRPFKKSAFKAEAARFAALHAFNAPLPSTFFISSNSP,add_to_pilot_classI_pattern_kappa_high_RK_vs_ED,LAEAQPPLAAPPQKPQPHPQLNKSQSLTNAFSFSESSFFRSSANEDEAKAETIRSLRKSFASLFSD,Q92777,GGTTGTGACGAATCGTGCGCGTCTCggctgAGAATCGCATAAggatcgaccgtgagtgcacttgccaccatgAGCCTGCAACAGAACGAACAGAGCGAGCCCAGCCAGAGCCCCGCCAGCTTGGAAGAAGATGACCTGCTCTCTACATCTCCCAAGCAGAGGAGACCCTTCAAGAAGAGCGCCTTCAAAGCCGAGGCCGCCAGGTTCGCTGCCTTGCATGCTTTCAACGCTCCTTTGCCCAGCACATTCTTCATCAGCAGCAACTCCCCTggatcGAGACGCGGCGATCACGTATGGAGG,AGAATCGCATAA,AGAAT,pool_small_sublibrary_small_95_add_to_pilot_classI_pattern_kappa_high_RK_vs_ED
96,pool_small,sublibrary_small,LPSQSASATKENLFQPSPNSFLPPFSAPSAEQFAALRADTEKQRESKFSDAKFPHSELRLSNSIQA,add_to_pilot_classI_pattern_kappa_low_RK_vs_ED,LAEAQPPLAAPPQKPQPHPQLNKSQSLTNAFSFSESSFFRSSANEDEAKAETIRSLRKSFASLFSD,Q92777,GGTTGTGACGAATCGTGCGCGTCTCggctgTTACCGCAGTAAggatcgaccgtgagtgcacttgccaccatgCTGCCCAGCCAGAGCGCCAGCGCCACCAAGGAGAACCTGTTCCAGCCTAGCCCTAATTCTTTCCTGCCTCCCTTCAGCGCCCCTTCCGCCGAACAATTTGCTGCTCTGAGGGCCGATACAGAGAAGCAGAGAGAGTCCAAGTTCAGCGACGCCAAATTCCCTCACAGCGAGCTGAGGCTGAGCAACAGCATCCAGGCCggatcGAGACGCGGCGATCACGTATGGAGG,TTACCGCAGTAA,TTACC,pool_small_sublibrary_small_96_add_to_pilot_classI_pattern_kappa_low_RK_vs_ED
97,pool_small,sublibrary_small,HINATPLSFNEKEPQSSLERQLFARDSSFQSLTSPKALSSAPLKDSSAQNPAFPFAAQFSEPREAK,add_to_pilot_classI_pattern_kappa_low_RK_vs_ED,LAEAQPPLAAPPQKPQPHPQLNKSQSLTNAFSFSESSFFRSSANEDEAKAETIRSLRKSFASLFSD,Q92777,GGTTGTGACGAATCGTGCGCGTCTCggctgTGAGTCGCGTAAggatcgaccgtgagtgcacttgccaccatgCACATCAACGCCACCCCTCTCAGCTTCAACGAGAAGGAGCCCCAGAGCAGCCTGGAGAGGCAACTGTTCGCCAGGGACTCTAGCTTCCAGTCTCTGACCTCCCCTAAGGCCCTGAGCTCTGCTCCTCTGAAGGACTCTTCCGCCCAGAATCCTGCCTTCCCCTTTGCCGCCCAATTCAGCGAACCTAGAGAGGCCAAGggatcGAGACGCGGCGATCACGTATGGAGG,TGAGTCGCGTAA,TGAGT,pool_small_sublibrary_small_97_add_to_pilot_classI_pattern_kappa_low_RK_vs_ED
98,pool_small,sublibrary_small,EMRGDNFFGEDGSRTGGDGDDKRPRSQRGCPNNESYFCSGRGGNRTSLFYANPGRRGGLLGNGPGR,add_to_pilot_classI_pattern_omega_high_FWY,EDNPTRNRGFSKRGGYRDGNNSEASGPYRRGGRGSFRGCRGGFGLGSPNNDLDPDECMQRTGGLFG,Q9NQI0,GGTTGTGACGAATCGTGCGCGTCTCggctgTAGGTACTCTAAggatcgaccgtgagtgcacttgccaccatgGAGATGAGAGGCGACAACTTCTTCGGGGAGGACGGCAGCAGGACAGGAGGAGATGGAGATGATAAAAGGCCCAGGAGCCAAAGGGGATGCCCCAACAACGAGAGCTACTTCTGCTCTGGAAGGGGAGGGAACAGGACCTCCCTGTTCTACGCTAATCCTGGAAGAAGGGGCGGCTTGCTGGGCAACGGACCTGGCAGAggatcGAGACGCGGCGATCACGTATGGAGG,TAGGTACTCTAA,TAGGT,pool_small_sublibrary_small_98_add_to_pilot_classI_pattern_omega_high_FWY
99,pool_small,sublibrary_small,TRPNLDGTFSNDGRQSKSNYDGGGGGRLRSMEYRGNDRPRFPEGSRNGGGRGCGNRFDGPAGFLCE,add_to_pilot_classI_pattern_omega_low_FWY,EDNPTRNRGFSKRGGYRDGNNSEASGPYRRGGRGSFRGCRGGFGLGSPNNDLDPDECMQRTGGLFG,Q9NQI0,GGTTGTGACGAATCGTGCGCGTCTCggctgCATCTCCTCTAAggatcgaccgtgagtgcacttgccaccatgACCAGGCCCAACCTGGACGGCACCTTTAGCAACGACGGCAGACAGAGCAAGAGCAACTACGACGGAGGCGGAGGAGGCAGACTCAGGAGCATGGAGTATAGGGGCAACGATAGACCTAGGTTCCCCGAGGGCTCTAGGAACGGAGGTGGAAGGGGATGTGGGAACAGGTTTGATGGACCTGCCGGCTTCCTGTGCGAGggatcGAGACGCGGCGATCACGTATGGAGG,CATCTCCTCTAA,CATCT,pool_small_sublibrary_small_99_add_to_pilot_classI_pattern_omega_low_FWY
